-- MySQL dump 10.13  Distrib 5.5.38, for debian-linux-gnu (i686)
--
-- Host: localhost    Database: timeouttool
-- ------------------------------------------------------
-- Server version	5.5.38-0ubuntu0.14.04.1

/*!40101 SET @OLD_CHARACTER_SET_CLIENT=@@CHARACTER_SET_CLIENT */;
/*!40101 SET @OLD_CHARACTER_SET_RESULTS=@@CHARACTER_SET_RESULTS */;
/*!40101 SET @OLD_COLLATION_CONNECTION=@@COLLATION_CONNECTION */;
/*!40101 SET NAMES utf8 */;
/*!40103 SET @OLD_TIME_ZONE=@@TIME_ZONE */;
/*!40103 SET TIME_ZONE='+00:00' */;
/*!40014 SET @OLD_UNIQUE_CHECKS=@@UNIQUE_CHECKS, UNIQUE_CHECKS=0 */;
/*!40014 SET @OLD_FOREIGN_KEY_CHECKS=@@FOREIGN_KEY_CHECKS, FOREIGN_KEY_CHECKS=0 */;
/*!40101 SET @OLD_SQL_MODE=@@SQL_MODE, SQL_MODE='NO_AUTO_VALUE_ON_ZERO' */;
/*!40111 SET @OLD_SQL_NOTES=@@SQL_NOTES, SQL_NOTES=0 */;

--
-- Dumping data for table `AccountTypeEntity`
--

LOCK TABLES `AccountTypeEntity` WRITE;
/*!40000 ALTER TABLE `AccountTypeEntity` DISABLE KEYS */;
INSERT INTO `AccountTypeEntity` (`email`, `firstName`, `lastName`, `loginName`, `id`) VALUES ('','','','admin','327180b5-bda8-42c3-ab1e-54e2ea707776'),('','','','crompton','9c2b25c4-3776-481f-b74d-08e0feccb767'),('','','','wicc','a9336f5f-7139-4da0-aadb-dabd9c10233f');
/*!40000 ALTER TABLE `AccountTypeEntity` ENABLE KEYS */;
UNLOCK TABLES;

--
-- Dumping data for table `AlterationLocation`
--

LOCK TABLES `AlterationLocation` WRITE;
/*!40000 ALTER TABLE `AlterationLocation` DISABLE KEYS */;
INSERT INTO `AlterationLocation` (`id`, `alterationType`, `direction`, `location`, `version`, `serviceGroup_id`) VALUES (196608,'NEWORIGIN','FORWARD','Clapham Jn',0,32768),(196609,'NEWORIGIN','FORWARD','Wimbledon',0,32768),(196610,'NEWORIGIN','FORWARD','Surbiton',0,32768),(196611,'NEWORIGIN','FORWARD','Weybridge',0,32768),(196612,'NEWORIGIN','FORWARD','Woking',0,32768),(196613,'NEWORIGIN','FORWARD','Aldershot',0,32768),(196614,'NEWORIGIN','FORWARD','Farnham',0,32768),(196615,'NEWDEST','FORWARD','Clapham Jn',0,32768),(196616,'NEWDEST','FORWARD','Wimbledon',0,32768),(196617,'NEWDEST','FORWARD','Surbiton',0,32768),(196618,'NEWDEST','FORWARD','Weybridge',0,32768),(196619,'NEWDEST','FORWARD','Woking',0,32768),(196620,'NEWDEST','FORWARD','Aldershot',0,32768),(196621,'NEWDEST','FORWARD','Farnham',0,32768),(196622,'RUNVIA','FORWARD','Cobham',0,32768),(196623,'NEWORIGIN','REVERSE','Farnham',0,32768),(196624,'NEWORIGIN','REVERSE','Aldershot',0,32768),(196625,'NEWORIGIN','REVERSE','Woking',0,32768),(196626,'NEWORIGIN','REVERSE','Surbiton',0,32768),(196627,'NEWORIGIN','REVERSE','Wimbledon',0,32768),(196628,'NEWORIGIN','REVERSE','Clapham Jn',0,32768),(196629,'NEWDEST','REVERSE','Farnham',0,32768),(196630,'NEWDEST','REVERSE','Aldershot',0,32768),(196631,'NEWDEST','REVERSE','Woking',0,32768),(196632,'NEWDEST','REVERSE','Surbiton',0,32768),(196633,'NEWDEST','REVERSE','Wimbledon',0,32768),(196634,'NEWDEST','REVERSE','Clapham Jn',0,32768),(196635,'NEWORIGIN','FORWARD','Clapham Jn',0,32769),(196636,'NEWORIGIN','FORWARD','Wimbledon',0,32769),(196637,'NEWORIGIN','FORWARD','Surbiton',0,32769),(196638,'NEWORIGIN','FORWARD','Weybridge',0,32769),(196639,'NEWORIGIN','FORWARD','Woking',0,32769),(196640,'NEWORIGIN','FORWARD','Aldershot',0,32769),(196641,'NEWORIGIN','FORWARD','Farnham',0,32769),(196642,'NEWDEST','FORWARD','Clapham Jn',0,32769),(196643,'NEWDEST','FORWARD','Wimbledon',0,32769),(196644,'NEWDEST','FORWARD','Surbiton',0,32769),(196645,'NEWDEST','FORWARD','Weybridge',0,32769),(196646,'NEWDEST','FORWARD','Woking',0,32769),(196647,'NEWDEST','FORWARD','Aldershot',0,32769),(196648,'NEWDEST','FORWARD','Farnham',0,32769),(196649,'RUNVIA','FORWARD','Cobham',0,32769),(196650,'NEWORIGIN','REVERSE','Farnham',0,32769),(196651,'NEWORIGIN','REVERSE','Aldershot',0,32769),(196652,'NEWORIGIN','REVERSE','Woking',0,32769),(196653,'NEWORIGIN','REVERSE','Surbiton',0,32769),(196654,'NEWORIGIN','REVERSE','Wimbledon',0,32769),(196655,'NEWORIGIN','REVERSE','Clapham Jn',0,32769),(196656,'NEWDEST','REVERSE','Farnham',0,32769),(196657,'NEWDEST','REVERSE','Aldershot',0,32769),(196658,'NEWDEST','REVERSE','Woking',0,32769),(196659,'NEWDEST','REVERSE','Surbiton',0,32769),(196660,'NEWDEST','REVERSE','Wimbledon',0,32769),(196661,'NEWDEST','REVERSE','Clapham Jn',0,32769),(196662,'NEWORIGIN','FORWARD','Richmond',0,32800),(196663,'NEWORIGIN','FORWARD','Twickenham',0,32800),(196664,'NEWORIGIN','FORWARD','Feltham',0,32800),(196665,'NEWORIGIN','FORWARD','Staines',0,32800),(196666,'NEWORIGIN','FORWARD','Virginia Water',0,32800),(196667,'NEWORIGIN','FORWARD','Ascot',0,32800),(196668,'NEWORIGIN','FORWARD','Wokingham',0,32800),(196669,'NEWDEST','FORWARD','Richmond',0,32800),(196670,'NEWDEST','FORWARD','Twickenham',0,32800),(196671,'NEWDEST','FORWARD','Feltham',0,32800),(196672,'NEWDEST','FORWARD','Staines',0,32800),(196673,'NEWDEST','FORWARD','Virginia Water',0,32800),(196674,'NEWDEST','FORWARD','Ascot',0,32800),(196675,'NEWDEST','FORWARD','Wokingham',0,32800),(196676,'RUNVIA','FORWARD','Hounslow',0,32800),(196677,'NEWORIGIN','REVERSE','Wokingham',0,32800),(196678,'NEWORIGIN','REVERSE','Ascot',0,32800),(196679,'NEWORIGIN','REVERSE','Virginia Water',0,32800),(196680,'NEWORIGIN','REVERSE','Staines',0,32800),(196681,'NEWORIGIN','REVERSE','Feltham',0,32800),(196682,'NEWORIGIN','REVERSE','Richmond',0,32800),(196683,'NEWORIGIN','REVERSE','Clapham Jn',0,32800),(196684,'NEWORIGIN','REVERSE','Queenstown Rd',0,32800),(196685,'NEWDEST','REVERSE','Wokingham',0,32800),(196686,'NEWDEST','REVERSE','Ascot',0,32800),(196687,'NEWDEST','REVERSE','Virginia Water',0,32800),(196688,'NEWDEST','REVERSE','Staines',0,32800),(196689,'NEWDEST','REVERSE','Feltham',0,32800),(196690,'NEWDEST','REVERSE','Richmond',0,32800),(196691,'NEWDEST','REVERSE','Clapham Jn',0,32800),(196692,'NEWDEST','REVERSE','Queenstown Rd',0,32800),(196693,'RUNVIA','REVERSE','Weybridge',0,32800),(196694,'RUNVIA','REVERSE','Hounslow',0,32800),(196695,'NEWORIGIN','FORWARD','Richmond',0,32772),(196696,'NEWORIGIN','FORWARD','Twickenham',0,32772),(196697,'NEWORIGIN','FORWARD','Feltham',0,32772),(196698,'NEWORIGIN','FORWARD','Staines',0,32772),(196699,'NEWORIGIN','FORWARD','Virginia Water',0,32772),(196700,'NEWORIGIN','FORWARD','Ascot',0,32772),(196701,'NEWORIGIN','FORWARD','Wokingham',0,32772),(196702,'NEWDEST','FORWARD','Richmond',0,32772),(196703,'NEWDEST','FORWARD','Twickenham',0,32772),(196704,'NEWDEST','FORWARD','Feltham',0,32772),(196705,'NEWDEST','FORWARD','Staines',0,32772),(196706,'NEWDEST','FORWARD','Virginia Water',0,32772),(196707,'NEWDEST','FORWARD','Ascot',0,32772),(196708,'NEWDEST','FORWARD','Wokingham',0,32772),(196709,'RUNVIA','FORWARD','Hounslow',0,32772),(196710,'NEWORIGIN','REVERSE','Wokingham',0,32772),(196711,'NEWORIGIN','REVERSE','Ascot',0,32772),(196712,'NEWORIGIN','REVERSE','Virginia Water',0,32772),(196713,'NEWORIGIN','REVERSE','Staines',0,32772),(196714,'NEWORIGIN','REVERSE','Feltham',0,32772),(196715,'NEWORIGIN','REVERSE','Richmond',0,32772),(196716,'NEWORIGIN','REVERSE','Clapham Jn',0,32772),(196717,'NEWORIGIN','REVERSE','Queenstown Rd',0,32772),(196718,'NEWDEST','REVERSE','Wokingham',0,32772),(196719,'NEWDEST','REVERSE','Ascot',0,32772),(196720,'NEWDEST','REVERSE','Virginia Water',0,32772),(196721,'NEWDEST','REVERSE','Staines',0,32772),(196722,'NEWDEST','REVERSE','Feltham',0,32772),(196723,'NEWDEST','REVERSE','Richmond',0,32772),(196724,'NEWDEST','REVERSE','Clapham Jn',0,32772),(196725,'NEWDEST','REVERSE','Queenstown Rd',0,32772),(196726,'RUNVIA','REVERSE','Weybridge',0,32772),(196727,'RUNVIA','REVERSE','Hounslow',0,32772),(196728,'NEWORIGIN','FORWARD','Richmond',0,32773),(196729,'NEWORIGIN','FORWARD','Twickenham',0,32773),(196730,'NEWORIGIN','FORWARD','Feltham',0,32773),(196731,'NEWORIGIN','FORWARD','Staines',0,32773),(196732,'NEWORIGIN','FORWARD','Virginia Water',0,32773),(196733,'NEWORIGIN','FORWARD','Ascot',0,32773),(196734,'NEWORIGIN','FORWARD','Wokingham',0,32773),(196735,'NEWDEST','FORWARD','Richmond',0,32773),(196736,'NEWDEST','FORWARD','Twickenham',0,32773),(196737,'NEWDEST','FORWARD','Feltham',0,32773),(196738,'NEWDEST','FORWARD','Staines',0,32773),(196739,'NEWDEST','FORWARD','Virginia Water',0,32773),(196740,'NEWDEST','FORWARD','Ascot',0,32773),(196741,'NEWDEST','FORWARD','Wokingham',0,32773),(196742,'RUNVIA','FORWARD','Hounslow',0,32773),(196743,'NEWORIGIN','REVERSE','Wokingham',0,32773),(196744,'NEWORIGIN','REVERSE','Ascot',0,32773),(196745,'NEWORIGIN','REVERSE','Virginia Water',0,32773),(196746,'NEWORIGIN','REVERSE','Staines',0,32773),(196747,'NEWORIGIN','REVERSE','Feltham',0,32773),(196748,'NEWORIGIN','REVERSE','Richmond',0,32773),(196749,'NEWORIGIN','REVERSE','Clapham Jn',0,32773),(196750,'NEWORIGIN','REVERSE','Queenstown Rd',0,32773),(196751,'NEWDEST','REVERSE','Wokingham',0,32773),(196752,'NEWDEST','REVERSE','Ascot',0,32773),(196753,'NEWDEST','REVERSE','Virginia Water',0,32773),(196754,'NEWDEST','REVERSE','Staines',0,32773),(196755,'NEWDEST','REVERSE','Feltham',0,32773),(196756,'NEWDEST','REVERSE','Richmond',0,32773),(196757,'NEWDEST','REVERSE','Clapham Jn',0,32773),(196758,'NEWDEST','REVERSE','Queenstown Rd',0,32773),(196759,'RUNVIA','REVERSE','Weybridge',0,32773),(196760,'RUNVIA','REVERSE','Hounslow',0,32773),(196761,'NEWORIGIN','FORWARD','Clapham Jn',0,32774),(196762,'NEWORIGIN','FORWARD','Wimbledon',0,32774),(196763,'NEWORIGIN','FORWARD','Epsom',0,32774),(196764,'NEWORIGIN','FORWARD','Leatherhead',0,32774),(196765,'NEWORIGIN','FORWARD','Effingham Jn',0,32774),(196766,'NEWDEST','FORWARD','Clapham Jn',0,32774),(196767,'NEWDEST','FORWARD','Wimbledon',0,32774),(196768,'NEWDEST','FORWARD','Epsom',0,32774),(196769,'NEWDEST','FORWARD','Leatherhead',0,32774),(196770,'NEWDEST','FORWARD','Effingham Jn',0,32774),(196771,'RUNVIA','FORWARD','Hampton Ct',0,32774),(196772,'RUNVIA','FORWARD','Epsom',0,32774),(196773,'NEWORIGIN','REVERSE','Effingham Jn',0,32774),(196774,'NEWORIGIN','REVERSE','Epsom',0,32774),(196775,'NEWORIGIN','REVERSE','Wimbledon',0,32774),(196776,'NEWORIGIN','REVERSE','Clapham Jn',0,32774),(196777,'NEWDEST','REVERSE','Effingham Jn',0,32774),(196778,'NEWDEST','REVERSE','Epsom',0,32774),(196779,'NEWDEST','REVERSE','Wimbledon',0,32774),(196780,'NEWDEST','REVERSE','Clapham Jn',0,32774),(196781,'NEWORIGIN','FORWARD','Clapham Jn',0,32775),(196782,'NEWORIGIN','FORWARD','Wimbledon',0,32775),(196783,'NEWORIGIN','FORWARD','Epsom',0,32775),(196784,'NEWORIGIN','FORWARD','Leatherhead',0,32775),(196785,'NEWORIGIN','FORWARD','Effingham Jn',0,32775),(196786,'NEWDEST','FORWARD','Clapham Jn',0,32775),(196787,'NEWDEST','FORWARD','Wimbledon',0,32775),(196788,'NEWDEST','FORWARD','Epsom',0,32775),(196789,'NEWDEST','FORWARD','Leatherhead',0,32775),(196790,'NEWDEST','FORWARD','Effingham Jn',0,32775),(196791,'RUNVIA','FORWARD','Hampton Ct',0,32775),(196792,'RUNVIA','FORWARD','Epsom',0,32775),(196793,'NEWORIGIN','REVERSE','Effingham Jn',0,32775),(196794,'NEWORIGIN','REVERSE','Epsom',0,32775),(196795,'NEWORIGIN','REVERSE','Wimbledon',0,32775),(196796,'NEWORIGIN','REVERSE','Clapham Jn',0,32775),(196797,'NEWDEST','REVERSE','Effingham Jn',0,32775),(196798,'NEWDEST','REVERSE','Epsom',0,32775),(196799,'NEWDEST','REVERSE','Wimbledon',0,32775),(196800,'NEWDEST','REVERSE','Clapham Jn',0,32775),(196801,'NEWORIGIN','FORWARD','Clapham Jn',0,32776),(196802,'NEWORIGIN','FORWARD','Wimbledon',0,32776),(196803,'NEWORIGIN','FORWARD','Epsom',0,32776),(196804,'NEWORIGIN','FORWARD','Leatherhead',0,32776),(196805,'NEWORIGIN','FORWARD','Effingham Jn',0,32776),(196806,'NEWDEST','FORWARD','Clapham Jn',0,32776),(196807,'NEWDEST','FORWARD','Wimbledon',0,32776),(196808,'NEWDEST','FORWARD','Epsom',0,32776),(196809,'NEWDEST','FORWARD','Leatherhead',0,32776),(196810,'NEWDEST','FORWARD','Effingham Jn',0,32776),(196811,'RUNVIA','FORWARD','Hampton Ct',0,32776),(196812,'RUNVIA','FORWARD','Epsom',0,32776),(196813,'NEWORIGIN','REVERSE','Effingham Jn',0,32776),(196814,'NEWORIGIN','REVERSE','Epsom',0,32776),(196815,'NEWORIGIN','REVERSE','Wimbledon',0,32776),(196816,'NEWORIGIN','REVERSE','Clapham Jn',0,32776),(196817,'NEWDEST','REVERSE','Effingham Jn',0,32776),(196818,'NEWDEST','REVERSE','Epsom',0,32776),(196819,'NEWDEST','REVERSE','Wimbledon',0,32776),(196820,'NEWDEST','REVERSE','Clapham Jn',0,32776),(196821,'NEWORIGIN','FORWARD','St Denys',0,32777),(196822,'NEWORIGIN','FORWARD','Fareham',0,32777),(196823,'NEWORIGIN','FORWARD','Fratton',0,32777),(196824,'NEWORIGIN','FORWARD','Portsmouth & Southsea',0,32777),(196825,'NEWDEST','FORWARD','St Denys',0,32777),(196826,'NEWDEST','FORWARD','Fareham',0,32777),(196827,'NEWDEST','FORWARD','Fratton',0,32777),(196828,'NEWDEST','FORWARD','Portsmouth & Southsea',0,32777),(196829,'NEWORIGIN','REVERSE','St Denys',0,32777),(196830,'NEWORIGIN','REVERSE','Fareham',0,32777),(196831,'NEWORIGIN','REVERSE','Fratton',0,32777),(196832,'NEWORIGIN','REVERSE','Portsmouth & Southsea',0,32777),(196833,'NEWDEST','REVERSE','St Denys',0,32777),(196834,'NEWDEST','REVERSE','Fareham',0,32777),(196835,'NEWDEST','REVERSE','Fratton',0,32777),(196836,'NEWDEST','REVERSE','Portsmouth & Southsea',0,32777),(196837,'NEWORIGIN','FORWARD','Clapham Jn',0,32778),(196838,'NEWORIGIN','FORWARD','Wimbledon',0,32778),(196839,'NEWORIGIN','FORWARD','Surbiton',0,32778),(196840,'NEWORIGIN','FORWARD','Weybridge',0,32778),(196841,'NEWDEST','FORWARD','Clapham Jn',0,32778),(196842,'NEWDEST','FORWARD','Wimbledon',0,32778),(196843,'NEWDEST','FORWARD','Surbiton',0,32778),(196844,'NEWDEST','FORWARD','Weybridge',0,32778),(196845,'NEWORIGIN','REVERSE','Surbiton',0,32778),(196846,'NEWORIGIN','REVERSE','Wimbledon',0,32778),(196847,'NEWORIGIN','REVERSE','Clapham Jn',0,32778),(196848,'NEWDEST','REVERSE','Surbiton',0,32778),(196849,'NEWDEST','REVERSE','Wimbledon',0,32778),(196850,'NEWDEST','REVERSE','Clapham Jn',0,32778),(196851,'NEWORIGIN','FORWARD','Clapham Jn',0,32780),(196852,'NEWORIGIN','FORWARD','Wimbledon',0,32780),(196853,'NEWORIGIN','FORWARD','Surbiton',0,32780),(196854,'NEWORIGIN','FORWARD','Effingham Jn',0,32780),(196855,'NEWDEST','FORWARD','Clapham Jn',0,32780),(196856,'NEWDEST','FORWARD','Wimbledon',0,32780),(196857,'NEWDEST','FORWARD','Surbiton',0,32780),(196858,'NEWDEST','FORWARD','Effingham Jn',0,32780),(196859,'RUNVIA','FORWARD','Epsom',0,32780),(196860,'RUNVIA','FORWARD','Woking',0,32780),(196861,'NEWORIGIN','REVERSE','Effingham Jn',0,32780),(196862,'NEWORIGIN','REVERSE','Surbiton',0,32780),(196863,'NEWORIGIN','REVERSE','Wimbledon',0,32780),(196864,'NEWORIGIN','REVERSE','Clapham Jn',0,32780),(196865,'NEWDEST','REVERSE','Effingham Jn',0,32780),(196866,'NEWDEST','REVERSE','Surbiton',0,32780),(196867,'NEWDEST','REVERSE','Wimbledon',0,32780),(196868,'NEWDEST','REVERSE','Clapham Jn',0,32780),(196869,'RUNVIA','REVERSE','Woking',0,32780),(196870,'RUNVIA','REVERSE','Epsom',0,32780),(196871,'NEWORIGIN','FORWARD','Clapham Jn',0,32792),(196872,'NEWORIGIN','FORWARD','Wimbledon',0,32792),(196873,'NEWORIGIN','FORWARD','Surbiton',0,32792),(196874,'NEWORIGIN','FORWARD','Woking',0,32792),(196875,'NEWORIGIN','FORWARD','Guildford',0,32792),(196876,'NEWORIGIN','FORWARD','Haslemere',0,32792),(196877,'NEWORIGIN','FORWARD','Petersfield',0,32792),(196878,'NEWORIGIN','FORWARD','Havant',0,32792),(196879,'NEWORIGIN','FORWARD','Fratton',0,32792),(196880,'NEWORIGIN','FORWARD','Portsmouth & Southsea',0,32792),(196881,'NEWDEST','FORWARD','Clapham Jn',0,32792),(196882,'NEWDEST','FORWARD','Wimbledon',0,32792),(196883,'NEWDEST','FORWARD','Surbiton',0,32792),(196884,'NEWDEST','FORWARD','Woking',0,32792),(196885,'NEWDEST','FORWARD','Guildford',0,32792),(196886,'NEWDEST','FORWARD','Haslemere',0,32792),(196887,'NEWDEST','FORWARD','Petersfield',0,32792),(196888,'NEWDEST','FORWARD','Havant',0,32792),(196889,'NEWDEST','FORWARD','Fratton',0,32792),(196890,'NEWDEST','FORWARD','Portsmouth & Southsea',0,32792),(196891,'RUNVIA','FORWARD','Cobham',0,32792),(196892,'RUNVIA','FORWARD','Woking',0,32792),(196893,'NEWORIGIN','REVERSE','Clapham Jn',0,32792),(196894,'NEWORIGIN','REVERSE','Wimbledon',0,32792),(196895,'NEWORIGIN','REVERSE','Surbiton',0,32792),(196896,'NEWORIGIN','REVERSE','Woking',0,32792),(196897,'NEWORIGIN','REVERSE','Guildford',0,32792),(196898,'NEWORIGIN','REVERSE','Haslemere',0,32792),(196899,'NEWORIGIN','REVERSE','Petersfield',0,32792),(196900,'NEWORIGIN','REVERSE','Havant',0,32792),(196901,'NEWORIGIN','REVERSE','Fratton',0,32792),(196902,'NEWORIGIN','REVERSE','Portsmouth & Southsea',0,32792),(196903,'NEWDEST','REVERSE','Clapham Jn',0,32792),(196904,'NEWDEST','REVERSE','Wimbledon',0,32792),(196905,'NEWDEST','REVERSE','Surbiton',0,32792),(196906,'NEWDEST','REVERSE','Woking',0,32792),(196907,'NEWDEST','REVERSE','Guildford',0,32792),(196908,'NEWDEST','REVERSE','Haslemere',0,32792),(196909,'NEWDEST','REVERSE','Petersfield',0,32792),(196910,'NEWDEST','REVERSE','Havant',0,32792),(196911,'NEWDEST','REVERSE','Fratton',0,32792),(196912,'NEWDEST','REVERSE','Portsmouth & Southsea',0,32792),(196913,'RUNVIA','REVERSE','Cobham',0,32792),(196914,'RUNVIA','REVERSE','Woking',0,32792),(196915,'NEWORIGIN','FORWARD','Clapham Jn',0,32793),(196916,'NEWORIGIN','FORWARD','Wimbledon',0,32793),(196917,'NEWORIGIN','FORWARD','Surbiton',0,32793),(196918,'NEWORIGIN','FORWARD','Woking',0,32793),(196919,'NEWORIGIN','FORWARD','Guildford',0,32793),(196920,'NEWORIGIN','FORWARD','Haslemere',0,32793),(196921,'NEWORIGIN','FORWARD','Petersfield',0,32793),(196922,'NEWORIGIN','FORWARD','Havant',0,32793),(196923,'NEWORIGIN','FORWARD','Fratton',0,32793),(196924,'NEWORIGIN','FORWARD','Portsmouth & Southsea',0,32793),(196925,'NEWDEST','FORWARD','Clapham Jn',0,32793),(196926,'NEWDEST','FORWARD','Wimbledon',0,32793),(196927,'NEWDEST','FORWARD','Surbiton',0,32793),(196928,'NEWDEST','FORWARD','Woking',0,32793),(196929,'NEWDEST','FORWARD','Guildford',0,32793),(196930,'NEWDEST','FORWARD','Haslemere',0,32793),(196931,'NEWDEST','FORWARD','Petersfield',0,32793),(196932,'NEWDEST','FORWARD','Havant',0,32793),(196933,'NEWDEST','FORWARD','Fratton',0,32793),(196934,'NEWDEST','FORWARD','Portsmouth & Southsea',0,32793),(196935,'RUNVIA','FORWARD','Cobham',0,32793),(196936,'RUNVIA','FORWARD','Woking',0,32793),(196937,'NEWORIGIN','REVERSE','Clapham Jn',0,32793),(196938,'NEWORIGIN','REVERSE','Wimbledon',0,32793),(196939,'NEWORIGIN','REVERSE','Surbiton',0,32793),(196940,'NEWORIGIN','REVERSE','Woking',0,32793),(196941,'NEWORIGIN','REVERSE','Guildford',0,32793),(196942,'NEWORIGIN','REVERSE','Haslemere',0,32793),(196943,'NEWORIGIN','REVERSE','Petersfield',0,32793),(196944,'NEWORIGIN','REVERSE','Havant',0,32793),(196945,'NEWORIGIN','REVERSE','Fratton',0,32793),(196946,'NEWORIGIN','REVERSE','Portsmouth & Southsea',0,32793),(196947,'NEWDEST','REVERSE','Clapham Jn',0,32793),(196948,'NEWDEST','REVERSE','Wimbledon',0,32793),(196949,'NEWDEST','REVERSE','Surbiton',0,32793),(196950,'NEWDEST','REVERSE','Woking',0,32793),(196951,'NEWDEST','REVERSE','Guildford',0,32793),(196952,'NEWDEST','REVERSE','Haslemere',0,32793),(196953,'NEWDEST','REVERSE','Petersfield',0,32793),(196954,'NEWDEST','REVERSE','Havant',0,32793),(196955,'NEWDEST','REVERSE','Fratton',0,32793),(196956,'NEWDEST','REVERSE','Portsmouth & Southsea',0,32793),(196957,'RUNVIA','REVERSE','Cobham',0,32793),(196958,'RUNVIA','REVERSE','Woking',0,32793),(196959,'NEWORIGIN','FORWARD','Clapham Jn',0,32779),(196960,'NEWORIGIN','FORWARD','Wimbledon',0,32779),(196961,'NEWORIGIN','FORWARD','Surbiton',0,32779),(196962,'NEWORIGIN','FORWARD','Woking',0,32779),(196963,'NEWORIGIN','FORWARD','Guildford',0,32779),(196964,'NEWORIGIN','FORWARD','Haslemere',0,32779),(196965,'NEWORIGIN','FORWARD','Petersfield',0,32779),(196966,'NEWORIGIN','FORWARD','Havant',0,32779),(196967,'NEWORIGIN','FORWARD','Fratton',0,32779),(196968,'NEWORIGIN','FORWARD','Portsmouth & Southsea',0,32779),(196969,'NEWDEST','FORWARD','Clapham Jn',0,32779),(196970,'NEWDEST','FORWARD','Wimbledon',0,32779),(196971,'NEWDEST','FORWARD','Surbiton',0,32779),(196972,'NEWDEST','FORWARD','Woking',0,32779),(196973,'NEWDEST','FORWARD','Guildford',0,32779),(196974,'NEWDEST','FORWARD','Haslemere',0,32779),(196975,'NEWDEST','FORWARD','Petersfield',0,32779),(196976,'NEWDEST','FORWARD','Havant',0,32779),(196977,'NEWDEST','FORWARD','Fratton',0,32779),(196978,'NEWDEST','FORWARD','Portsmouth & Southsea',0,32779),(196979,'RUNVIA','FORWARD','Cobham',0,32779),(196980,'RUNVIA','FORWARD','Woking',0,32779),(196981,'NEWORIGIN','REVERSE','Clapham Jn',0,32779),(196982,'NEWORIGIN','REVERSE','Wimbledon',0,32779),(196983,'NEWORIGIN','REVERSE','Surbiton',0,32779),(196984,'NEWORIGIN','REVERSE','Woking',0,32779),(196985,'NEWORIGIN','REVERSE','Guildford',0,32779),(196986,'NEWORIGIN','REVERSE','Haslemere',0,32779),(196987,'NEWORIGIN','REVERSE','Petersfield',0,32779),(196988,'NEWORIGIN','REVERSE','Havant',0,32779),(196989,'NEWORIGIN','REVERSE','Fratton',0,32779),(196990,'NEWORIGIN','REVERSE','Portsmouth & Southsea',0,32779),(196991,'NEWDEST','REVERSE','Clapham Jn',0,32779),(196992,'NEWDEST','REVERSE','Wimbledon',0,32779),(196993,'NEWDEST','REVERSE','Surbiton',0,32779),(196994,'NEWDEST','REVERSE','Woking',0,32779),(196995,'NEWDEST','REVERSE','Guildford',0,32779),(196996,'NEWDEST','REVERSE','Haslemere',0,32779),(196997,'NEWDEST','REVERSE','Petersfield',0,32779),(196998,'NEWDEST','REVERSE','Havant',0,32779),(196999,'NEWDEST','REVERSE','Fratton',0,32779),(197000,'NEWDEST','REVERSE','Portsmouth & Southsea',0,32779),(197001,'RUNVIA','REVERSE','Cobham',0,32779),(197002,'RUNVIA','REVERSE','Woking',0,32779),(197003,'NEWORIGIN','FORWARD','Clapham Jn',0,32781),(197004,'NEWORIGIN','FORWARD','Wimbledon',0,32781),(197005,'NEWORIGIN','FORWARD','Teddington',0,32781),(197006,'NEWORIGIN','FORWARD','Fulwell',0,32781),(197007,'NEWDEST','FORWARD','Clapham Jn',0,32781),(197008,'NEWDEST','FORWARD','Wimbledon',0,32781),(197009,'NEWDEST','FORWARD','Teddington',0,32781),(197010,'NEWDEST','FORWARD','Fulwell',0,32781),(197011,'RUNVIA','FORWARD','Hampton Ct',0,32781),(197012,'RUNVIA','FORWARD','Twickenham',0,32781),(197013,'NEWORIGIN','REVERSE','Fulwell',0,32781),(197014,'NEWORIGIN','REVERSE','Kingston',0,32781),(197015,'NEWORIGIN','REVERSE','Wimbledon',0,32781),(197016,'NEWORIGIN','REVERSE','Clapham Jn',0,32781),(197017,'NEWDEST','REVERSE','Fulwell',0,32781),(197018,'NEWDEST','REVERSE','Kingston',0,32781),(197019,'NEWDEST','REVERSE','Wimbledon',0,32781),(197020,'NEWDEST','REVERSE','Clapham Jn',0,32781),(197021,'NEWORIGIN','FORWARD','Clapham Jn',0,32783),(197022,'NEWORIGIN','FORWARD','Wimbledon',0,32783),(197023,'NEWORIGIN','FORWARD','Surbiton',0,32783),(197024,'NEWDEST','FORWARD','Clapham Jn',0,32783),(197025,'NEWDEST','FORWARD','Wimbledon',0,32783),(197026,'NEWDEST','FORWARD','Surbiton',0,32783),(197027,'RUNVIA','FORWARD','Chessington',0,32783),(197028,'NEWORIGIN','REVERSE','Surbiton',0,32783),(197029,'NEWORIGIN','REVERSE','Wimbledon',0,32783),(197030,'NEWORIGIN','REVERSE','Clapham Jn',0,32783),(197031,'NEWDEST','REVERSE','Surbiton',0,32783),(197032,'NEWDEST','REVERSE','Wimbledon',0,32783),(197033,'NEWDEST','REVERSE','Clapham Jn',0,32783),(197034,'NEWORIGIN','FORWARD','Clapham Jn',0,32784),(197035,'NEWORIGIN','FORWARD','Wimbledon',0,32784),(197036,'NEWORIGIN','FORWARD','Teddington',0,32784),(197037,'NEWORIGIN','FORWARD','Twickenham',0,32784),(197038,'NEWORIGIN','FORWARD','Richmond',0,32784),(197039,'NEWORIGIN','FORWARD','Barnes',0,32784),(197040,'NEWORIGIN','FORWARD','Clapham Jn',0,32784),(197041,'NEWORIGIN','FORWARD','Queenstown Rd',0,32784),(197042,'NEWDEST','FORWARD','Clapham Jn',0,32784),(197043,'NEWDEST','FORWARD','Wimbledon',0,32784),(197044,'NEWDEST','FORWARD','Teddington',0,32784),(197045,'NEWDEST','FORWARD','Twickenham',0,32784),(197046,'NEWDEST','FORWARD','Richmond',0,32784),(197047,'NEWDEST','FORWARD','Barnes',0,32784),(197048,'NEWDEST','FORWARD','Clapham Jn',0,32784),(197049,'NEWDEST','FORWARD','Queenstown Rd',0,32784),(197050,'RUNVIA','FORWARD','Hampton Ct',0,32784),(197051,'NEWORIGIN','REVERSE','Clapham Jn',0,32784),(197052,'NEWORIGIN','REVERSE','Wimbledon',0,32784),(197053,'NEWORIGIN','REVERSE','Teddington',0,32784),(197054,'NEWORIGIN','REVERSE','Twickenham',0,32784),(197055,'NEWORIGIN','REVERSE','Richmond',0,32784),(197056,'NEWORIGIN','REVERSE','Barnes',0,32784),(197057,'NEWORIGIN','REVERSE','Clapham Jn',0,32784),(197058,'NEWORIGIN','REVERSE','Queenstown Rd',0,32784),(197059,'NEWDEST','REVERSE','Clapham Jn',0,32784),(197060,'NEWDEST','REVERSE','Wimbledon',0,32784),(197061,'NEWDEST','REVERSE','Teddington',0,32784),(197062,'NEWDEST','REVERSE','Twickenham',0,32784),(197063,'NEWDEST','REVERSE','Richmond',0,32784),(197064,'NEWDEST','REVERSE','Barnes',0,32784),(197065,'NEWDEST','REVERSE','Clapham Jn',0,32784),(197066,'NEWDEST','REVERSE','Queenstown Rd',0,32784),(197067,'RUNVIA','REVERSE','Hampton Ct',0,32784),(197068,'NEWORIGIN','FORWARD','Clapham Jn',0,32786),(197069,'NEWORIGIN','FORWARD','Wimbledon',0,32786),(197070,'NEWORIGIN','FORWARD','Surbiton',0,32786),(197071,'NEWORIGIN','FORWARD','Weybridge',0,32786),(197072,'NEWORIGIN','FORWARD','Woking',0,32786),(197073,'NEWORIGIN','FORWARD','Farnborough',0,32786),(197074,'NEWDEST','FORWARD','Clapham Jn',0,32786),(197075,'NEWDEST','FORWARD','Wimbledon',0,32786),(197076,'NEWDEST','FORWARD','Surbiton',0,32786),(197077,'NEWDEST','FORWARD','Weybridge',0,32786),(197078,'NEWDEST','FORWARD','Woking',0,32786),(197079,'NEWDEST','FORWARD','Farnborough',0,32786),(197080,'NEWORIGIN','REVERSE','Farnborough',0,32786),(197081,'NEWORIGIN','REVERSE','Woking',0,32786),(197082,'NEWORIGIN','REVERSE','Surbiton',0,32786),(197083,'NEWORIGIN','REVERSE','Wimbledon',0,32786),(197084,'NEWORIGIN','REVERSE','Clapham Jn',0,32786),(197085,'NEWDEST','REVERSE','Farnborough',0,32786),(197086,'NEWDEST','REVERSE','Woking',0,32786),(197087,'NEWDEST','REVERSE','Surbiton',0,32786),(197088,'NEWDEST','REVERSE','Wimbledon',0,32786),(197089,'NEWDEST','REVERSE','Clapham Jn',0,32786),(197090,'NEWORIGIN','FORWARD','Clapham Jn',0,32785),(197091,'NEWORIGIN','FORWARD','Wimbledon',0,32785),(197092,'NEWORIGIN','FORWARD','Surbiton',0,32785),(197093,'NEWORIGIN','FORWARD','Woking',0,32785),(197094,'NEWORIGIN','FORWARD','Farnborough',0,32785),(197095,'NEWORIGIN','FORWARD','Basingstoke',0,32785),(197096,'NEWORIGIN','FORWARD','Andover',0,32785),(197097,'NEWORIGIN','FORWARD','Salisbury',0,32785),(197098,'NEWORIGIN','FORWARD','Westbury',0,32785),(197099,'NEWORIGIN','FORWARD','Bath Spa',0,32785),(197100,'NEWORIGIN','FORWARD','Gillingham',0,32785),(197101,'NEWORIGIN','FORWARD','Yeovil Jn',0,32785),(197102,'NEWORIGIN','FORWARD','Axminster',0,32785),(197103,'NEWORIGIN','FORWARD','Honiton',0,32785),(197104,'NEWORIGIN','FORWARD','Exeter Central',0,32785),(197105,'NEWDEST','FORWARD','Clapham Jn',0,32785),(197106,'NEWDEST','FORWARD','Wimbledon',0,32785),(197107,'NEWDEST','FORWARD','Surbiton',0,32785),(197108,'NEWDEST','FORWARD','Woking',0,32785),(197109,'NEWDEST','FORWARD','Farnborough',0,32785),(197110,'NEWDEST','FORWARD','Basingstoke',0,32785),(197111,'NEWDEST','FORWARD','Andover',0,32785),(197112,'NEWDEST','FORWARD','Salisbury',0,32785),(197113,'NEWDEST','FORWARD','Westbury',0,32785),(197114,'NEWDEST','FORWARD','Bath Spa',0,32785),(197115,'NEWDEST','FORWARD','Gillingham',0,32785),(197116,'NEWDEST','FORWARD','Yeovil Jn',0,32785),(197117,'NEWDEST','FORWARD','Axminster',0,32785),(197118,'NEWDEST','FORWARD','Honiton',0,32785),(197119,'NEWDEST','FORWARD','Exeter Central',0,32785),(197120,'NEWORIGIN','REVERSE','Clapham Jn',0,32785),(197121,'NEWORIGIN','REVERSE','Wimbledon',0,32785),(197122,'NEWORIGIN','REVERSE','Surbiton',0,32785),(197123,'NEWORIGIN','REVERSE','Woking',0,32785),(197124,'NEWORIGIN','REVERSE','Farnborough',0,32785),(197125,'NEWORIGIN','REVERSE','Basingstoke',0,32785),(197126,'NEWORIGIN','REVERSE','Andover',0,32785),(197127,'NEWORIGIN','REVERSE','Salisbury',0,32785),(197128,'NEWORIGIN','REVERSE','Westbury',0,32785),(197129,'NEWORIGIN','REVERSE','Bath Spa',0,32785),(197130,'NEWORIGIN','REVERSE','Gillingham',0,32785),(197131,'NEWORIGIN','REVERSE','Yeovil Jn',0,32785),(197132,'NEWORIGIN','REVERSE','Axminster',0,32785),(197133,'NEWORIGIN','REVERSE','Honiton',0,32785),(197134,'NEWORIGIN','REVERSE','Exeter Central',0,32785),(197135,'NEWDEST','REVERSE','Clapham Jn',0,32785),(197136,'NEWDEST','REVERSE','Wimbledon',0,32785),(197137,'NEWDEST','REVERSE','Surbiton',0,32785),(197138,'NEWDEST','REVERSE','Woking',0,32785),(197139,'NEWDEST','REVERSE','Farnborough',0,32785),(197140,'NEWDEST','REVERSE','Basingstoke',0,32785),(197141,'NEWDEST','REVERSE','Andover',0,32785),(197142,'NEWDEST','REVERSE','Salisbury',0,32785),(197143,'NEWDEST','REVERSE','Westbury',0,32785),(197144,'NEWDEST','REVERSE','Bath Spa',0,32785),(197145,'NEWDEST','REVERSE','Gillingham',0,32785),(197146,'NEWDEST','REVERSE','Yeovil Jn',0,32785),(197147,'NEWDEST','REVERSE','Axminster',0,32785),(197148,'NEWDEST','REVERSE','Honiton',0,32785),(197149,'NEWDEST','REVERSE','Exeter Central',0,32785),(197150,'NEWORIGIN','FORWARD','Westbury',0,32790),(197151,'NEWORIGIN','FORWARD','Bath Spa',0,32790),(197152,'NEWDEST','FORWARD','Westbury',0,32790),(197153,'NEWDEST','FORWARD','Bath Spa',0,32790),(197154,'NEWORIGIN','REVERSE','Salisbury',0,32790),(197155,'NEWORIGIN','REVERSE','Westbury',0,32790),(197156,'NEWORIGIN','REVERSE','Bath Spa',0,32790),(197157,'NEWDEST','REVERSE','Westbury',0,32790),(197158,'NEWDEST','REVERSE','Bath Spa',0,32790),(197159,'NEWORIGIN','FORWARD','Clapham Jn',0,32801),(197160,'NEWORIGIN','FORWARD','Wimbledon',0,32801),(197161,'NEWORIGIN','FORWARD','Surbiton',0,32801),(197162,'NEWORIGIN','FORWARD','Woking',0,32801),(197163,'NEWORIGIN','FORWARD','Farnborough',0,32801),(197164,'NEWORIGIN','FORWARD','Basingstoke',0,32801),(197165,'NEWORIGIN','FORWARD','Andover',0,32801),(197166,'NEWORIGIN','FORWARD','Salisbury',0,32801),(197167,'NEWORIGIN','FORWARD','Westbury',0,32801),(197168,'NEWORIGIN','FORWARD','Bath Spa',0,32801),(197169,'NEWORIGIN','FORWARD','Gillingham',0,32801),(197170,'NEWORIGIN','FORWARD','Yeovil Jn',0,32801),(197171,'NEWORIGIN','FORWARD','Axminster',0,32801),(197172,'NEWORIGIN','FORWARD','Honiton',0,32801),(197173,'NEWORIGIN','FORWARD','Exeter Central',0,32801),(197174,'NEWDEST','FORWARD','Clapham Jn',0,32801),(197175,'NEWDEST','FORWARD','Wimbledon',0,32801),(197176,'NEWDEST','FORWARD','Surbiton',0,32801),(197177,'NEWDEST','FORWARD','Woking',0,32801),(197178,'NEWDEST','FORWARD','Farnborough',0,32801),(197179,'NEWDEST','FORWARD','Basingstoke',0,32801),(197180,'NEWDEST','FORWARD','Andover',0,32801),(197181,'NEWDEST','FORWARD','Salisbury',0,32801),(197182,'NEWDEST','FORWARD','Westbury',0,32801),(197183,'NEWDEST','FORWARD','Bath Spa',0,32801),(197184,'NEWDEST','FORWARD','Gillingham',0,32801),(197185,'NEWDEST','FORWARD','Yeovil Jn',0,32801),(197186,'NEWDEST','FORWARD','Axminster',0,32801),(197187,'NEWDEST','FORWARD','Honiton',0,32801),(197188,'NEWDEST','FORWARD','Exeter Central',0,32801),(197189,'NEWORIGIN','REVERSE','Clapham Jn',0,32801),(197190,'NEWORIGIN','REVERSE','Wimbledon',0,32801),(197191,'NEWORIGIN','REVERSE','Surbiton',0,32801),(197192,'NEWORIGIN','REVERSE','Woking',0,32801),(197193,'NEWORIGIN','REVERSE','Farnborough',0,32801),(197194,'NEWORIGIN','REVERSE','Basingstoke',0,32801),(197195,'NEWORIGIN','REVERSE','Andover',0,32801),(197196,'NEWORIGIN','REVERSE','Salisbury',0,32801),(197197,'NEWORIGIN','REVERSE','Westbury',0,32801),(197198,'NEWORIGIN','REVERSE','Bath Spa',0,32801),(197199,'NEWORIGIN','REVERSE','Gillingham',0,32801),(197200,'NEWORIGIN','REVERSE','Yeovil Jn',0,32801),(197201,'NEWORIGIN','REVERSE','Axminster',0,32801),(197202,'NEWORIGIN','REVERSE','Honiton',0,32801),(197203,'NEWORIGIN','REVERSE','Exeter Central',0,32801),(197204,'NEWDEST','REVERSE','Clapham Jn',0,32801),(197205,'NEWDEST','REVERSE','Wimbledon',0,32801),(197206,'NEWDEST','REVERSE','Surbiton',0,32801),(197207,'NEWDEST','REVERSE','Woking',0,32801),(197208,'NEWDEST','REVERSE','Farnborough',0,32801),(197209,'NEWDEST','REVERSE','Basingstoke',0,32801),(197210,'NEWDEST','REVERSE','Andover',0,32801),(197211,'NEWDEST','REVERSE','Salisbury',0,32801),(197212,'NEWDEST','REVERSE','Westbury',0,32801),(197213,'NEWDEST','REVERSE','Bath Spa',0,32801),(197214,'NEWDEST','REVERSE','Gillingham',0,32801),(197215,'NEWDEST','REVERSE','Yeovil Jn',0,32801),(197216,'NEWDEST','REVERSE','Axminster',0,32801),(197217,'NEWDEST','REVERSE','Honiton',0,32801),(197218,'NEWDEST','REVERSE','Exeter Central',0,32801),(197219,'NEWORIGIN','FORWARD','Clapham Jn',0,32787),(197220,'NEWORIGIN','FORWARD','Wimbledon',0,32787),(197221,'NEWDEST','FORWARD','Clapham Jn',0,32787),(197222,'NEWDEST','FORWARD','Wimbledon',0,32787),(197223,'RUNVIA','FORWARD','Hampton Ct',0,32787),(197224,'RUNVIA','FORWARD','Epsom',0,32787),(197225,'NEWORIGIN','REVERSE','Wimbledon',0,32787),(197226,'NEWORIGIN','REVERSE','Clapham Jn',0,32787),(197227,'NEWDEST','REVERSE','Wimbledon',0,32787),(197228,'NEWDEST','REVERSE','Clapham Jn',0,32787),(197229,'NEWORIGIN','FORWARD','Aldershot',0,32788),(197230,'NEWORIGIN','FORWARD','Ash',0,32788),(197231,'NEWORIGIN','FORWARD','Camberley',0,32788),(197232,'NEWORIGIN','FORWARD','Ascot',0,32788),(197233,'NEWORIGIN','FORWARD','Virginia Water',0,32788),(197234,'NEWORIGIN','FORWARD','Staines',0,32788),(197235,'NEWORIGIN','FORWARD','Feltham',0,32788),(197236,'NEWORIGIN','FORWARD','Twickenham',0,32788),(197237,'NEWORIGIN','FORWARD','Richmond',0,32788),(197238,'NEWORIGIN','FORWARD','Clapham Jn',0,32788),(197239,'NEWDEST','FORWARD','Aldershot',0,32788),(197240,'NEWDEST','FORWARD','Ash',0,32788),(197241,'NEWDEST','FORWARD','Camberley',0,32788),(197242,'NEWDEST','FORWARD','Ascot',0,32788),(197243,'NEWDEST','FORWARD','Virginia Water',0,32788),(197244,'NEWDEST','FORWARD','Staines',0,32788),(197245,'NEWDEST','FORWARD','Feltham',0,32788),(197246,'NEWDEST','FORWARD','Twickenham',0,32788),(197247,'NEWDEST','FORWARD','Richmond',0,32788),(197248,'NEWDEST','FORWARD','Clapham Jn',0,32788),(197249,'RUNVIA','FORWARD','Hounslow',0,32788),(197250,'NEWORIGIN','REVERSE','Aldershot',0,32788),(197251,'NEWORIGIN','REVERSE','Ash',0,32788),(197252,'NEWORIGIN','REVERSE','Camberley',0,32788),(197253,'NEWORIGIN','REVERSE','Ascot',0,32788),(197254,'NEWORIGIN','REVERSE','Virginia Water',0,32788),(197255,'NEWORIGIN','REVERSE','Staines',0,32788),(197256,'NEWORIGIN','REVERSE','Feltham',0,32788),(197257,'NEWORIGIN','REVERSE','Twickenham',0,32788),(197258,'NEWORIGIN','REVERSE','Richmond',0,32788),(197259,'NEWORIGIN','REVERSE','Clapham Jn',0,32788),(197260,'NEWDEST','REVERSE','Aldershot',0,32788),(197261,'NEWDEST','REVERSE','Ash',0,32788),(197262,'NEWDEST','REVERSE','Camberley',0,32788),(197263,'NEWDEST','REVERSE','Ascot',0,32788),(197264,'NEWDEST','REVERSE','Virginia Water',0,32788),(197265,'NEWDEST','REVERSE','Staines',0,32788),(197266,'NEWDEST','REVERSE','Feltham',0,32788),(197267,'NEWDEST','REVERSE','Twickenham',0,32788),(197268,'NEWDEST','REVERSE','Richmond',0,32788),(197269,'NEWDEST','REVERSE','Clapham Jn',0,32788),(197270,'RUNVIA','REVERSE','Hounslow',0,32788),(197271,'NEWORIGIN','FORWARD','Aldershot',0,32789),(197272,'NEWORIGIN','FORWARD','Ash',0,32789),(197273,'NEWORIGIN','FORWARD','Camberley',0,32789),(197274,'NEWORIGIN','FORWARD','Ascot',0,32789),(197275,'NEWORIGIN','FORWARD','Virginia Water',0,32789),(197276,'NEWORIGIN','FORWARD','Staines',0,32789),(197277,'NEWORIGIN','FORWARD','Feltham',0,32789),(197278,'NEWORIGIN','FORWARD','Twickenham',0,32789),(197279,'NEWORIGIN','FORWARD','Richmond',0,32789),(197280,'NEWORIGIN','FORWARD','Clapham Jn',0,32789),(197281,'NEWDEST','FORWARD','Aldershot',0,32789),(197282,'NEWDEST','FORWARD','Ash',0,32789),(197283,'NEWDEST','FORWARD','Camberley',0,32789),(197284,'NEWDEST','FORWARD','Ascot',0,32789),(197285,'NEWDEST','FORWARD','Virginia Water',0,32789),(197286,'NEWDEST','FORWARD','Staines',0,32789),(197287,'NEWDEST','FORWARD','Feltham',0,32789),(197288,'NEWDEST','FORWARD','Twickenham',0,32789),(197289,'NEWDEST','FORWARD','Richmond',0,32789),(197290,'NEWDEST','FORWARD','Clapham Jn',0,32789),(197291,'NEWORIGIN','REVERSE','Aldershot',0,32789),(197292,'NEWORIGIN','REVERSE','Ash',0,32789),(197293,'NEWORIGIN','REVERSE','Camberley',0,32789),(197294,'NEWORIGIN','REVERSE','Ascot',0,32789),(197295,'NEWORIGIN','REVERSE','Virginia Water',0,32789),(197296,'NEWORIGIN','REVERSE','Staines',0,32789),(197297,'NEWORIGIN','REVERSE','Feltham',0,32789),(197298,'NEWORIGIN','REVERSE','Twickenham',0,32789),(197299,'NEWORIGIN','REVERSE','Richmond',0,32789),(197300,'NEWORIGIN','REVERSE','Clapham Jn',0,32789),(197301,'NEWDEST','REVERSE','Aldershot',0,32789),(197302,'NEWDEST','REVERSE','Ash',0,32789),(197303,'NEWDEST','REVERSE','Camberley',0,32789),(197304,'NEWDEST','REVERSE','Ascot',0,32789),(197305,'NEWDEST','REVERSE','Virginia Water',0,32789),(197306,'NEWDEST','REVERSE','Staines',0,32789),(197307,'NEWDEST','REVERSE','Feltham',0,32789),(197308,'NEWDEST','REVERSE','Twickenham',0,32789),(197309,'NEWDEST','REVERSE','Richmond',0,32789),(197310,'NEWDEST','REVERSE','Clapham Jn',0,32789),(197311,'NEWORIGIN','FORWARD','Richmond',0,32791),(197312,'NEWORIGIN','FORWARD','Twickenham',0,32791),(197313,'NEWORIGIN','FORWARD','Kingston',0,32791),(197314,'NEWORIGIN','FORWARD','Wimbledon',0,32791),(197315,'NEWORIGIN','FORWARD','Clapham Jn',0,32791),(197316,'NEWDEST','FORWARD','Richmond',0,32791),(197317,'NEWDEST','FORWARD','Twickenham',0,32791),(197318,'NEWDEST','FORWARD','Kingston',0,32791),(197319,'NEWDEST','FORWARD','Wimbledon',0,32791),(197320,'NEWDEST','FORWARD','Clapham Jn',0,32791),(197321,'NEWORIGIN','REVERSE','Richmond',0,32791),(197322,'NEWORIGIN','REVERSE','Twickenham',0,32791),(197323,'NEWORIGIN','REVERSE','Kingston',0,32791),(197324,'NEWORIGIN','REVERSE','Wimbledon',0,32791),(197325,'NEWORIGIN','REVERSE','Clapham Jn',0,32791),(197326,'NEWDEST','REVERSE','Richmond',0,32791),(197327,'NEWDEST','REVERSE','Twickenham',0,32791),(197328,'NEWDEST','REVERSE','Kingston',0,32791),(197329,'NEWDEST','REVERSE','Wimbledon',0,32791),(197330,'NEWDEST','REVERSE','Clapham Jn',0,32791),(197331,'NEWORIGIN','FORWARD','Clapham Jn',0,32795),(197332,'NEWORIGIN','FORWARD','Hounslow',0,32795),(197333,'NEWORIGIN','FORWARD','Twickenham',0,32795),(197334,'NEWORIGIN','FORWARD','Richmond',0,32795),(197335,'NEWORIGIN','FORWARD','Barnes',0,32795),(197336,'NEWORIGIN','FORWARD','Clapham Jn',0,32795),(197337,'NEWORIGIN','FORWARD','Queenstown Rd',0,32795),(197338,'NEWDEST','FORWARD','Clapham Jn',0,32795),(197339,'NEWDEST','FORWARD','Hounslow',0,32795),(197340,'NEWDEST','FORWARD','Twickenham',0,32795),(197341,'NEWDEST','FORWARD','Richmond',0,32795),(197342,'NEWDEST','FORWARD','Barnes',0,32795),(197343,'NEWDEST','FORWARD','Clapham Jn',0,32795),(197344,'NEWDEST','FORWARD','Queenstown Rd',0,32795),(197345,'NEWORIGIN','REVERSE','Clapham Jn',0,32795),(197346,'NEWORIGIN','REVERSE','Hounslow',0,32795),(197347,'NEWORIGIN','REVERSE','Twickenham',0,32795),(197348,'NEWORIGIN','REVERSE','Richmond',0,32795),(197349,'NEWORIGIN','REVERSE','Barnes',0,32795),(197350,'NEWORIGIN','REVERSE','Clapham Jn',0,32795),(197351,'NEWORIGIN','REVERSE','Queenstown Rd',0,32795),(197352,'NEWDEST','REVERSE','Clapham Jn',0,32795),(197353,'NEWDEST','REVERSE','Hounslow',0,32795),(197354,'NEWDEST','REVERSE','Twickenham',0,32795),(197355,'NEWDEST','REVERSE','Richmond',0,32795),(197356,'NEWDEST','REVERSE','Barnes',0,32795),(197357,'NEWDEST','REVERSE','Clapham Jn',0,32795),(197358,'NEWDEST','REVERSE','Queenstown Rd',0,32795),(197359,'NEWORIGIN','FORWARD','Romsey',0,32794),(197360,'NEWORIGIN','FORWARD','Southampton',0,32794),(197361,'NEWORIGIN','FORWARD','St Denys',0,32794),(197362,'NEWORIGIN','FORWARD','Eastleigh',0,32794),(197363,'NEWDEST','FORWARD','Romsey',0,32794),(197364,'NEWDEST','FORWARD','Southampton',0,32794),(197365,'NEWDEST','FORWARD','St Denys',0,32794),(197366,'NEWDEST','FORWARD','Eastleigh',0,32794),(197367,'NEWORIGIN','FORWARD','Romsey',0,32806),(197368,'NEWORIGIN','FORWARD','Southampton',0,32806),(197369,'NEWORIGIN','FORWARD','St Denys',0,32806),(197370,'NEWORIGIN','FORWARD','Eastleigh',0,32806),(197371,'NEWDEST','FORWARD','Romsey',0,32806),(197372,'NEWDEST','FORWARD','Southampton',0,32806),(197373,'NEWDEST','FORWARD','St Denys',0,32806),(197374,'NEWDEST','FORWARD','Eastleigh',0,32806),(197375,'NEWORIGIN','FORWARD','Clapham Jn',0,32796),(197376,'NEWORIGIN','FORWARD','Hounslow',0,32796),(197377,'NEWORIGIN','FORWARD','Virginia Water',0,32796),(197378,'NEWORIGIN','FORWARD','Feltham',0,32796),(197379,'NEWORIGIN','FORWARD','Staines',0,32796),(197380,'NEWORIGIN','FORWARD','Virginia Water',0,32796),(197381,'NEWDEST','FORWARD','Clapham Jn',0,32796),(197382,'NEWDEST','FORWARD','Hounslow',0,32796),(197383,'NEWDEST','FORWARD','Virginia Water',0,32796),(197384,'NEWDEST','FORWARD','Feltham',0,32796),(197385,'NEWDEST','FORWARD','Staines',0,32796),(197386,'NEWDEST','FORWARD','Virginia Water',0,32796),(197387,'RUNVIA','FORWARD','Twickenham',0,32796),(197388,'NEWORIGIN','REVERSE','Virginia Water',0,32796),(197389,'NEWORIGIN','REVERSE','Staines',0,32796),(197390,'NEWORIGIN','REVERSE','Feltham',0,32796),(197391,'NEWORIGIN','REVERSE','Hounslow',0,32796),(197392,'NEWORIGIN','REVERSE','Barnes',0,32796),(197393,'NEWORIGIN','REVERSE','Clapham Jn',0,32796),(197394,'NEWORIGIN','REVERSE','Queenstown Rd',0,32796),(197395,'NEWDEST','REVERSE','Virginia Water',0,32796),(197396,'NEWDEST','REVERSE','Staines',0,32796),(197397,'NEWDEST','REVERSE','Feltham',0,32796),(197398,'NEWDEST','REVERSE','Hounslow',0,32796),(197399,'NEWDEST','REVERSE','Barnes',0,32796),(197400,'NEWDEST','REVERSE','Clapham Jn',0,32796),(197401,'NEWDEST','REVERSE','Queenstown Rd',0,32796),(197402,'RUNVIA','REVERSE','Richmond',0,32796),(197403,'NEWORIGIN','FORWARD','Clapham Jn',0,32802),(197404,'NEWORIGIN','FORWARD','Richmond',0,32802),(197405,'NEWORIGIN','FORWARD','Twickenham',0,32802),(197406,'NEWORIGIN','FORWARD','Hounslow',0,32802),(197407,'NEWORIGIN','FORWARD','Barnes',0,32802),(197408,'NEWORIGIN','FORWARD','Clapham Jn',0,32802),(197409,'NEWORIGIN','FORWARD','Queenstown Rd',0,32802),(197410,'NEWDEST','FORWARD','Clapham Jn',0,32802),(197411,'NEWDEST','FORWARD','Richmond',0,32802),(197412,'NEWDEST','FORWARD','Twickenham',0,32802),(197413,'NEWDEST','FORWARD','Hounslow',0,32802),(197414,'NEWDEST','FORWARD','Barnes',0,32802),(197415,'NEWDEST','FORWARD','Clapham Jn',0,32802),(197416,'NEWDEST','FORWARD','Queenstown Rd',0,32802),(197417,'NEWORIGIN','REVERSE','Clapham Jn',0,32802),(197418,'NEWORIGIN','REVERSE','Richmond',0,32802),(197419,'NEWORIGIN','REVERSE','Twickenham',0,32802),(197420,'NEWORIGIN','REVERSE','Hounslow',0,32802),(197421,'NEWORIGIN','REVERSE','Barnes',0,32802),(197422,'NEWORIGIN','REVERSE','Clapham Jn',0,32802),(197423,'NEWORIGIN','REVERSE','Queenstown Rd',0,32802),(197424,'NEWDEST','REVERSE','Clapham Jn',0,32802),(197425,'NEWDEST','REVERSE','Richmond',0,32802),(197426,'NEWDEST','REVERSE','Twickenham',0,32802),(197427,'NEWDEST','REVERSE','Hounslow',0,32802),(197428,'NEWDEST','REVERSE','Barnes',0,32802),(197429,'NEWDEST','REVERSE','Clapham Jn',0,32802),(197430,'NEWDEST','REVERSE','Queenstown Rd',0,32802),(197431,'NEWORIGIN','FORWARD','Clapham Jn',0,32803),(197432,'NEWORIGIN','FORWARD','Wimbledon',0,32803),(197433,'NEWORIGIN','FORWARD','Surbiton',0,32803),(197434,'NEWORIGIN','FORWARD','Woking',0,32803),(197435,'NEWORIGIN','FORWARD','Farnborough',0,32803),(197436,'NEWORIGIN','FORWARD','Basingstoke',0,32803),(197437,'NEWORIGIN','FORWARD','Winchester',0,32803),(197438,'NEWORIGIN','FORWARD','Eastleigh',0,32803),(197439,'NEWORIGIN','FORWARD','St Denys',0,32803),(197440,'NEWORIGIN','FORWARD','Southampton',0,32803),(197441,'NEWORIGIN','FORWARD','Brockenhurst',0,32803),(197442,'NEWORIGIN','FORWARD','Bournemouth',0,32803),(197443,'NEWORIGIN','FORWARD','Poole',0,32803),(197444,'NEWORIGIN','FORWARD','Wareham',0,32803),(197445,'NEWORIGIN','FORWARD','Dorchester South',0,32803),(197446,'NEWDEST','FORWARD','Clapham Jn',0,32803),(197447,'NEWDEST','FORWARD','Wimbledon',0,32803),(197448,'NEWDEST','FORWARD','Surbiton',0,32803),(197449,'NEWDEST','FORWARD','Woking',0,32803),(197450,'NEWDEST','FORWARD','Farnborough',0,32803),(197451,'NEWDEST','FORWARD','Basingstoke',0,32803),(197452,'NEWDEST','FORWARD','Winchester',0,32803),(197453,'NEWDEST','FORWARD','Eastleigh',0,32803),(197454,'NEWDEST','FORWARD','St Denys',0,32803),(197455,'NEWDEST','FORWARD','Southampton',0,32803),(197456,'NEWDEST','FORWARD','Brockenhurst',0,32803),(197457,'NEWDEST','FORWARD','Bournemouth',0,32803),(197458,'NEWDEST','FORWARD','Poole',0,32803),(197459,'NEWDEST','FORWARD','Wareham',0,32803),(197460,'NEWDEST','FORWARD','Dorchester South',0,32803),(197461,'NEWORIGIN','REVERSE','Clapham Jn',0,32803),(197462,'NEWORIGIN','REVERSE','Wimbledon',0,32803),(197463,'NEWORIGIN','REVERSE','Surbiton',0,32803),(197464,'NEWORIGIN','REVERSE','Woking',0,32803),(197465,'NEWORIGIN','REVERSE','Farnborough',0,32803),(197466,'NEWORIGIN','REVERSE','Basingstoke',0,32803),(197467,'NEWORIGIN','REVERSE','Winchester',0,32803),(197468,'NEWORIGIN','REVERSE','Eastleigh',0,32803),(197469,'NEWORIGIN','REVERSE','St Denys',0,32803),(197470,'NEWORIGIN','REVERSE','Southampton',0,32803),(197471,'NEWORIGIN','REVERSE','Brockenhurst',0,32803),(197472,'NEWORIGIN','REVERSE','Bournemouth',0,32803),(197473,'NEWORIGIN','REVERSE','Poole',0,32803),(197474,'NEWORIGIN','REVERSE','Wareham',0,32803),(197475,'NEWORIGIN','REVERSE','Dorchester South',0,32803),(197476,'NEWDEST','REVERSE','Clapham Jn',0,32803),(197477,'NEWDEST','REVERSE','Wimbledon',0,32803),(197478,'NEWDEST','REVERSE','Surbiton',0,32803),(197479,'NEWDEST','REVERSE','Woking',0,32803),(197480,'NEWDEST','REVERSE','Farnborough',0,32803),(197481,'NEWDEST','REVERSE','Basingstoke',0,32803),(197482,'NEWDEST','REVERSE','Winchester',0,32803),(197483,'NEWDEST','REVERSE','Eastleigh',0,32803),(197484,'NEWDEST','REVERSE','St Denys',0,32803),(197485,'NEWDEST','REVERSE','Southampton',0,32803),(197486,'NEWDEST','REVERSE','Brockenhurst',0,32803),(197487,'NEWDEST','REVERSE','Bournemouth',0,32803),(197488,'NEWDEST','REVERSE','Poole',0,32803),(197489,'NEWDEST','REVERSE','Wareham',0,32803),(197490,'NEWDEST','REVERSE','Dorchester South',0,32803),(197491,'NEWORIGIN','FORWARD','Clapham Jn',0,32804),(197492,'NEWORIGIN','FORWARD','Wimbledon',0,32804),(197493,'NEWORIGIN','FORWARD','Surbiton',0,32804),(197494,'NEWORIGIN','FORWARD','Woking',0,32804),(197495,'NEWORIGIN','FORWARD','Farnborough',0,32804),(197496,'NEWORIGIN','FORWARD','Basingstoke',0,32804),(197497,'NEWORIGIN','FORWARD','Winchester',0,32804),(197498,'NEWORIGIN','FORWARD','Eastleigh',0,32804),(197499,'NEWORIGIN','FORWARD','St Denys',0,32804),(197500,'NEWORIGIN','FORWARD','Southampton',0,32804),(197501,'NEWORIGIN','FORWARD','Brockenhurst',0,32804),(197502,'NEWORIGIN','FORWARD','Bournemouth',0,32804),(197503,'NEWORIGIN','FORWARD','Poole',0,32804),(197504,'NEWORIGIN','FORWARD','Wareham',0,32804),(197505,'NEWORIGIN','FORWARD','Dorchester South',0,32804),(197506,'NEWDEST','FORWARD','Clapham Jn',0,32804),(197507,'NEWDEST','FORWARD','Wimbledon',0,32804),(197508,'NEWDEST','FORWARD','Surbiton',0,32804),(197509,'NEWDEST','FORWARD','Woking',0,32804),(197510,'NEWDEST','FORWARD','Farnborough',0,32804),(197511,'NEWDEST','FORWARD','Basingstoke',0,32804),(197512,'NEWDEST','FORWARD','Winchester',0,32804),(197513,'NEWDEST','FORWARD','Eastleigh',0,32804),(197514,'NEWDEST','FORWARD','St Denys',0,32804),(197515,'NEWDEST','FORWARD','Southampton',0,32804),(197516,'NEWDEST','FORWARD','Brockenhurst',0,32804),(197517,'NEWDEST','FORWARD','Bournemouth',0,32804),(197518,'NEWDEST','FORWARD','Poole',0,32804),(197519,'NEWDEST','FORWARD','Wareham',0,32804),(197520,'NEWDEST','FORWARD','Dorchester South',0,32804),(197521,'NEWORIGIN','REVERSE','Clapham Jn',0,32804),(197522,'NEWORIGIN','REVERSE','Wimbledon',0,32804),(197523,'NEWORIGIN','REVERSE','Surbiton',0,32804),(197524,'NEWORIGIN','REVERSE','Woking',0,32804),(197525,'NEWORIGIN','REVERSE','Farnborough',0,32804),(197526,'NEWORIGIN','REVERSE','Basingstoke',0,32804),(197527,'NEWORIGIN','REVERSE','Winchester',0,32804),(197528,'NEWORIGIN','REVERSE','Eastleigh',0,32804),(197529,'NEWORIGIN','REVERSE','St Denys',0,32804),(197530,'NEWORIGIN','REVERSE','Southampton',0,32804),(197531,'NEWORIGIN','REVERSE','Brockenhurst',0,32804),(197532,'NEWORIGIN','REVERSE','Bournemouth',0,32804),(197533,'NEWORIGIN','REVERSE','Poole',0,32804),(197534,'NEWORIGIN','REVERSE','Wareham',0,32804),(197535,'NEWORIGIN','REVERSE','Dorchester South',0,32804),(197536,'NEWDEST','REVERSE','Clapham Jn',0,32804),(197537,'NEWDEST','REVERSE','Wimbledon',0,32804),(197538,'NEWDEST','REVERSE','Surbiton',0,32804),(197539,'NEWDEST','REVERSE','Woking',0,32804),(197540,'NEWDEST','REVERSE','Farnborough',0,32804),(197541,'NEWDEST','REVERSE','Basingstoke',0,32804),(197542,'NEWDEST','REVERSE','Winchester',0,32804),(197543,'NEWDEST','REVERSE','Eastleigh',0,32804),(197544,'NEWDEST','REVERSE','St Denys',0,32804),(197545,'NEWDEST','REVERSE','Southampton',0,32804),(197546,'NEWDEST','REVERSE','Brockenhurst',0,32804),(197547,'NEWDEST','REVERSE','Bournemouth',0,32804),(197548,'NEWDEST','REVERSE','Poole',0,32804),(197549,'NEWDEST','REVERSE','Wareham',0,32804),(197550,'NEWDEST','REVERSE','Dorchester South',0,32804),(197551,'NEWORIGIN','FORWARD','Clapham Jn',0,32770),(197552,'NEWORIGIN','FORWARD','Wimbledon',0,32770),(197553,'NEWORIGIN','FORWARD','Surbiton',0,32770),(197554,'NEWORIGIN','FORWARD','Woking',0,32770),(197555,'NEWORIGIN','FORWARD','Farnborough',0,32770),(197556,'NEWORIGIN','FORWARD','Basingstoke',0,32770),(197557,'NEWORIGIN','FORWARD','Winchester',0,32770),(197558,'NEWORIGIN','FORWARD','Eastleigh',0,32770),(197559,'NEWORIGIN','FORWARD','St Denys',0,32770),(197560,'NEWORIGIN','FORWARD','Southampton',0,32770),(197561,'NEWORIGIN','FORWARD','Brockenhurst',0,32770),(197562,'NEWORIGIN','FORWARD','Bournemouth',0,32770),(197563,'NEWORIGIN','FORWARD','Poole',0,32770),(197564,'NEWORIGIN','FORWARD','Wareham',0,32770),(197565,'NEWORIGIN','FORWARD','Dorchester South',0,32770),(197566,'NEWDEST','FORWARD','Clapham Jn',0,32770),(197567,'NEWDEST','FORWARD','Wimbledon',0,32770),(197568,'NEWDEST','FORWARD','Surbiton',0,32770),(197569,'NEWDEST','FORWARD','Woking',0,32770),(197570,'NEWDEST','FORWARD','Farnborough',0,32770),(197571,'NEWDEST','FORWARD','Basingstoke',0,32770),(197572,'NEWDEST','FORWARD','Winchester',0,32770),(197573,'NEWDEST','FORWARD','Eastleigh',0,32770),(197574,'NEWDEST','FORWARD','St Denys',0,32770),(197575,'NEWDEST','FORWARD','Southampton',0,32770),(197576,'NEWDEST','FORWARD','Brockenhurst',0,32770),(197577,'NEWDEST','FORWARD','Bournemouth',0,32770),(197578,'NEWDEST','FORWARD','Poole',0,32770),(197579,'NEWDEST','FORWARD','Wareham',0,32770),(197580,'NEWDEST','FORWARD','Dorchester South',0,32770),(197581,'NEWORIGIN','REVERSE','Clapham Jn',0,32770),(197582,'NEWORIGIN','REVERSE','Wimbledon',0,32770),(197583,'NEWORIGIN','REVERSE','Surbiton',0,32770),(197584,'NEWORIGIN','REVERSE','Woking',0,32770),(197585,'NEWORIGIN','REVERSE','Farnborough',0,32770),(197586,'NEWORIGIN','REVERSE','Basingstoke',0,32770),(197587,'NEWORIGIN','REVERSE','Winchester',0,32770),(197588,'NEWORIGIN','REVERSE','Eastleigh',0,32770),(197589,'NEWORIGIN','REVERSE','St Denys',0,32770),(197590,'NEWORIGIN','REVERSE','Southampton',0,32770),(197591,'NEWORIGIN','REVERSE','Brockenhurst',0,32770),(197592,'NEWORIGIN','REVERSE','Bournemouth',0,32770),(197593,'NEWORIGIN','REVERSE','Poole',0,32770),(197594,'NEWORIGIN','REVERSE','Wareham',0,32770),(197595,'NEWORIGIN','REVERSE','Dorchester South',0,32770),(197596,'NEWDEST','REVERSE','Clapham Jn',0,32770),(197597,'NEWDEST','REVERSE','Wimbledon',0,32770),(197598,'NEWDEST','REVERSE','Surbiton',0,32770),(197599,'NEWDEST','REVERSE','Woking',0,32770),(197600,'NEWDEST','REVERSE','Farnborough',0,32770),(197601,'NEWDEST','REVERSE','Basingstoke',0,32770),(197602,'NEWDEST','REVERSE','Winchester',0,32770),(197603,'NEWDEST','REVERSE','Eastleigh',0,32770),(197604,'NEWDEST','REVERSE','St Denys',0,32770),(197605,'NEWDEST','REVERSE','Southampton',0,32770),(197606,'NEWDEST','REVERSE','Brockenhurst',0,32770),(197607,'NEWDEST','REVERSE','Bournemouth',0,32770),(197608,'NEWDEST','REVERSE','Poole',0,32770),(197609,'NEWDEST','REVERSE','Wareham',0,32770),(197610,'NEWDEST','REVERSE','Dorchester South',0,32770),(197611,'NEWORIGIN','FORWARD','Clapham Jn',0,32771),(197612,'NEWORIGIN','FORWARD','Wimbledon',0,32771),(197613,'NEWORIGIN','FORWARD','Surbiton',0,32771),(197614,'NEWORIGIN','FORWARD','Woking',0,32771),(197615,'NEWORIGIN','FORWARD','Farnborough',0,32771),(197616,'NEWORIGIN','FORWARD','Basingstoke',0,32771),(197617,'NEWORIGIN','FORWARD','Winchester',0,32771),(197618,'NEWORIGIN','FORWARD','Eastleigh',0,32771),(197619,'NEWORIGIN','FORWARD','St Denys',0,32771),(197620,'NEWORIGIN','FORWARD','Southampton',0,32771),(197621,'NEWORIGIN','FORWARD','Brockenhurst',0,32771),(197622,'NEWORIGIN','FORWARD','Bournemouth',0,32771),(197623,'NEWORIGIN','FORWARD','Poole',0,32771),(197624,'NEWORIGIN','FORWARD','Wareham',0,32771),(197625,'NEWORIGIN','FORWARD','Dorchester South',0,32771),(197626,'NEWDEST','FORWARD','Clapham Jn',0,32771),(197627,'NEWDEST','FORWARD','Wimbledon',0,32771),(197628,'NEWDEST','FORWARD','Surbiton',0,32771),(197629,'NEWDEST','FORWARD','Woking',0,32771),(197630,'NEWDEST','FORWARD','Farnborough',0,32771),(197631,'NEWDEST','FORWARD','Basingstoke',0,32771),(197632,'NEWDEST','FORWARD','Winchester',0,32771),(197633,'NEWDEST','FORWARD','Eastleigh',0,32771),(197634,'NEWDEST','FORWARD','St Denys',0,32771),(197635,'NEWDEST','FORWARD','Southampton',0,32771),(197636,'NEWDEST','FORWARD','Brockenhurst',0,32771),(197637,'NEWDEST','FORWARD','Bournemouth',0,32771),(197638,'NEWDEST','FORWARD','Poole',0,32771),(197639,'NEWDEST','FORWARD','Wareham',0,32771),(197640,'NEWDEST','FORWARD','Dorchester South',0,32771),(197641,'NEWORIGIN','REVERSE','Clapham Jn',0,32771),(197642,'NEWORIGIN','REVERSE','Wimbledon',0,32771),(197643,'NEWORIGIN','REVERSE','Surbiton',0,32771),(197644,'NEWORIGIN','REVERSE','Woking',0,32771),(197645,'NEWORIGIN','REVERSE','Farnborough',0,32771),(197646,'NEWORIGIN','REVERSE','Basingstoke',0,32771),(197647,'NEWORIGIN','REVERSE','Winchester',0,32771),(197648,'NEWORIGIN','REVERSE','Eastleigh',0,32771),(197649,'NEWORIGIN','REVERSE','St Denys',0,32771),(197650,'NEWORIGIN','REVERSE','Southampton',0,32771),(197651,'NEWORIGIN','REVERSE','Brockenhurst',0,32771),(197652,'NEWORIGIN','REVERSE','Bournemouth',0,32771),(197653,'NEWORIGIN','REVERSE','Poole',0,32771),(197654,'NEWORIGIN','REVERSE','Wareham',0,32771),(197655,'NEWORIGIN','REVERSE','Dorchester South',0,32771),(197656,'NEWDEST','REVERSE','Clapham Jn',0,32771),(197657,'NEWDEST','REVERSE','Wimbledon',0,32771),(197658,'NEWDEST','REVERSE','Surbiton',0,32771),(197659,'NEWDEST','REVERSE','Woking',0,32771),(197660,'NEWDEST','REVERSE','Farnborough',0,32771),(197661,'NEWDEST','REVERSE','Basingstoke',0,32771),(197662,'NEWDEST','REVERSE','Winchester',0,32771),(197663,'NEWDEST','REVERSE','Eastleigh',0,32771),(197664,'NEWDEST','REVERSE','St Denys',0,32771),(197665,'NEWDEST','REVERSE','Southampton',0,32771),(197666,'NEWDEST','REVERSE','Brockenhurst',0,32771),(197667,'NEWDEST','REVERSE','Bournemouth',0,32771),(197668,'NEWDEST','REVERSE','Poole',0,32771),(197669,'NEWDEST','REVERSE','Wareham',0,32771),(197670,'NEWDEST','REVERSE','Dorchester South',0,32771),(197671,'NEWORIGIN','FORWARD','Clapham Jn',0,32798),(197672,'NEWORIGIN','FORWARD','Wimbledon',0,32798),(197673,'NEWORIGIN','FORWARD','Surbiton',0,32798),(197674,'NEWORIGIN','FORWARD','Woking',0,32798),(197675,'NEWORIGIN','FORWARD','Farnborough',0,32798),(197676,'NEWORIGIN','FORWARD','Basingstoke',0,32798),(197677,'NEWORIGIN','FORWARD','Winchester',0,32798),(197678,'NEWORIGIN','FORWARD','Eastleigh',0,32798),(197679,'NEWORIGIN','FORWARD','Fareham',0,32798),(197680,'NEWORIGIN','FORWARD','Fratton',0,32798),(197681,'NEWORIGIN','FORWARD','Portsmouth & Southsea',0,32798),(197682,'NEWDEST','FORWARD','Clapham Jn',0,32798),(197683,'NEWDEST','FORWARD','Wimbledon',0,32798),(197684,'NEWDEST','FORWARD','Surbiton',0,32798),(197685,'NEWDEST','FORWARD','Woking',0,32798),(197686,'NEWDEST','FORWARD','Farnborough',0,32798),(197687,'NEWDEST','FORWARD','Basingstoke',0,32798),(197688,'NEWDEST','FORWARD','Winchester',0,32798),(197689,'NEWDEST','FORWARD','Eastleigh',0,32798),(197690,'NEWDEST','FORWARD','Fareham',0,32798),(197691,'NEWDEST','FORWARD','Fratton',0,32798),(197692,'NEWDEST','FORWARD','Portsmouth & Southsea',0,32798),(197693,'NEWORIGIN','REVERSE','Clapham Jn',0,32798),(197694,'NEWORIGIN','REVERSE','Wimbledon',0,32798),(197695,'NEWORIGIN','REVERSE','Surbiton',0,32798),(197696,'NEWORIGIN','REVERSE','Woking',0,32798),(197697,'NEWORIGIN','REVERSE','Farnborough',0,32798),(197698,'NEWORIGIN','REVERSE','Basingstoke',0,32798),(197699,'NEWORIGIN','REVERSE','Winchester',0,32798),(197700,'NEWORIGIN','REVERSE','Eastleigh',0,32798),(197701,'NEWORIGIN','REVERSE','Fareham',0,32798),(197702,'NEWORIGIN','REVERSE','Fratton',0,32798),(197703,'NEWORIGIN','REVERSE','Portsmouth & Southsea',0,32798),(197704,'NEWDEST','REVERSE','Clapham Jn',0,32798),(197705,'NEWDEST','REVERSE','Wimbledon',0,32798),(197706,'NEWDEST','REVERSE','Surbiton',0,32798),(197707,'NEWDEST','REVERSE','Woking',0,32798),(197708,'NEWDEST','REVERSE','Farnborough',0,32798),(197709,'NEWDEST','REVERSE','Basingstoke',0,32798),(197710,'NEWDEST','REVERSE','Winchester',0,32798),(197711,'NEWDEST','REVERSE','Eastleigh',0,32798),(197712,'NEWDEST','REVERSE','Fareham',0,32798),(197713,'NEWDEST','REVERSE','Fratton',0,32798),(197714,'NEWDEST','REVERSE','Portsmouth & Southsea',0,32798),(197715,'NEWORIGIN','FORWARD','Clapham Jn',0,32799),(197716,'NEWORIGIN','FORWARD','Wimbledon',0,32799),(197717,'NEWORIGIN','FORWARD','Surbiton',0,32799),(197718,'NEWORIGIN','FORWARD','Woking',0,32799),(197719,'NEWORIGIN','FORWARD','Farnborough',0,32799),(197720,'NEWORIGIN','FORWARD','Basingstoke',0,32799),(197721,'NEWORIGIN','FORWARD','Winchester',0,32799),(197722,'NEWORIGIN','FORWARD','Eastleigh',0,32799),(197723,'NEWORIGIN','FORWARD','Fareham',0,32799),(197724,'NEWORIGIN','FORWARD','Fratton',0,32799),(197725,'NEWORIGIN','FORWARD','Portsmouth & Southsea',0,32799),(197726,'NEWDEST','FORWARD','Clapham Jn',0,32799),(197727,'NEWDEST','FORWARD','Wimbledon',0,32799),(197728,'NEWDEST','FORWARD','Surbiton',0,32799),(197729,'NEWDEST','FORWARD','Woking',0,32799),(197730,'NEWDEST','FORWARD','Farnborough',0,32799),(197731,'NEWDEST','FORWARD','Basingstoke',0,32799),(197732,'NEWDEST','FORWARD','Winchester',0,32799),(197733,'NEWDEST','FORWARD','Eastleigh',0,32799),(197734,'NEWDEST','FORWARD','Fareham',0,32799),(197735,'NEWDEST','FORWARD','Fratton',0,32799),(197736,'NEWDEST','FORWARD','Portsmouth & Southsea',0,32799),(197737,'NEWORIGIN','REVERSE','Clapham Jn',0,32799),(197738,'NEWORIGIN','REVERSE','Wimbledon',0,32799),(197739,'NEWORIGIN','REVERSE','Surbiton',0,32799),(197740,'NEWORIGIN','REVERSE','Woking',0,32799),(197741,'NEWORIGIN','REVERSE','Farnborough',0,32799),(197742,'NEWORIGIN','REVERSE','Basingstoke',0,32799),(197743,'NEWORIGIN','REVERSE','Winchester',0,32799),(197744,'NEWORIGIN','REVERSE','Eastleigh',0,32799),(197745,'NEWORIGIN','REVERSE','Fareham',0,32799),(197746,'NEWORIGIN','REVERSE','Fratton',0,32799),(197747,'NEWORIGIN','REVERSE','Portsmouth & Southsea',0,32799),(197748,'NEWDEST','REVERSE','Clapham Jn',0,32799),(197749,'NEWDEST','REVERSE','Wimbledon',0,32799),(197750,'NEWDEST','REVERSE','Surbiton',0,32799),(197751,'NEWDEST','REVERSE','Woking',0,32799),(197752,'NEWDEST','REVERSE','Farnborough',0,32799),(197753,'NEWDEST','REVERSE','Basingstoke',0,32799),(197754,'NEWDEST','REVERSE','Winchester',0,32799),(197755,'NEWDEST','REVERSE','Eastleigh',0,32799),(197756,'NEWDEST','REVERSE','Fareham',0,32799),(197757,'NEWDEST','REVERSE','Fratton',0,32799),(197758,'NEWDEST','REVERSE','Portsmouth & Southsea',0,32799);
/*!40000 ALTER TABLE `AlterationLocation` ENABLE KEYS */;
UNLOCK TABLES;

--
-- Dumping data for table `AttributeTypeEntity`
--

LOCK TABLES `AttributeTypeEntity` WRITE;
/*!40000 ALTER TABLE `AttributeTypeEntity` DISABLE KEYS */;
/*!40000 ALTER TABLE `AttributeTypeEntity` ENABLE KEYS */;
UNLOCK TABLES;

--
-- Dumping data for table `AttributedTypeEntity`
--

LOCK TABLES `AttributedTypeEntity` WRITE;
/*!40000 ALTER TABLE `AttributedTypeEntity` DISABLE KEYS */;
INSERT INTO `AttributedTypeEntity` (`id`) VALUES ('25596527-55ee-4255-b5ea-639b1b0b5964'),('31721774-fc91-4bdc-b356-b9344554d7c0'),('327180b5-bda8-42c3-ab1e-54e2ea707776'),('4eb9ec18-6a7b-4b98-b3f0-6a7f69398f3d'),('9c2b25c4-3776-481f-b74d-08e0feccb767'),('a9336f5f-7139-4da0-aadb-dabd9c10233f'),('d0ba0a04-3360-4c35-8881-229779c08cac'),('d292e8ae-c79f-4fc5-b2f4-ef57251c2492'),('ec0eb509-d7a7-4136-a4ab-f5014246d572'),('fe52969b-c9d2-4b82-b140-5a549dc46dfe');
/*!40000 ALTER TABLE `AttributedTypeEntity` ENABLE KEYS */;
UNLOCK TABLES;

--
-- Dumping data for table `ContingencyAlteration`
--

LOCK TABLES `ContingencyAlteration` WRITE;
/*!40000 ALTER TABLE `ContingencyAlteration` DISABLE KEYS */;
INSERT INTO `ContingencyAlteration` (`id`, `affect`, `delay`, `direction`, `freeform`, `version`, `serviceGroup_id`) VALUES (163840,'ALTERED','','BOTH','',0,32785),(163841,'CANCELLED','','BOTH','',0,32774),(163842,'CANCELLED','','BOTH','',0,32787),(163843,'CANCELLED','','BOTH','',0,32783),(163844,'ALTERED','','REVERSE','',0,32803),(163845,'ALTERED','','BOTH','',0,32780),(163846,'ALTERED','','FORWARD','',0,32798),(163847,'ALTERED','','BOTH','',0,32785),(163848,'ALTERED','','BOTH','',0,32781),(163849,'ALTERED','','BOTH','',0,32792),(163850,'CANCELLED','','BOTH','',0,32778),(163851,'CANCELLED','','BOTH','',0,32774),(163852,'CANCELLED','','BOTH','',0,32787),(163853,'CANCELLED','','BOTH','',0,32783),(163854,'ALTERED','','REVERSE','',0,32803),(163855,'ALTERED','','BOTH','',0,32780),(163856,'ALTERED','','BOTH','',0,32786),(163857,'ALTERED','','FORWARD','',0,32798),(163858,'ALTERED','','FORWARD','',0,32792),(163859,'ALTERED','','BOTH','',0,32780),(163860,'ALTERED','','BOTH','XX:16',0,32803),(163861,'ALTERED','','BOTH','XX:35',0,32803),(163862,'CANCELLED','','BOTH','',0,32783),(163863,'ALTERED','','FORWARD','Retimed to depart at XX:20',0,32798),(163864,'ALTERED','','BOTH','',0,32786),(163865,'ALTERED','','BOTH','',0,32781),(163866,'CANCELLED','','BOTH','',0,32787),(163867,'ALTERED','','FORWARD','',0,32785),(163868,'CANCELLED','','BOTH','',0,32778),(163869,'CANCELLED','','BOTH','',0,32774),(163870,'ALTERED','','REVERSE','',0,32785),(163871,'ALTERED','','REVERSE','XX:18/24',0,32793),(163872,'ALTERED','','REVERSE','XX:39',0,32793),(163873,'ALTERED','','BOTH','',0,32780),(163874,'CANCELLED','','BOTH','',0,32783),(163875,'ALTERED','','FORWARD','Retimed to depart at XX:20',0,32798),(163876,'CANCELLED','','BOTH','',0,32787),(163877,'ALTERED','','FORWARD','',0,32785),(163878,'CANCELLED','','BOTH','',0,32774),(163879,'ALTERED','','REVERSE','XX:03',0,32803),(163880,'ALTERED','','REVERSE','XX:20',0,32803),(163881,'ALTERED','','REVERSE','',0,32785),(163882,'CANCELLED','','REVERSE','',0,32778),(163883,'CANCELLED','','BOTH','XX:00',0,32792),(163884,'ALTERED','','FORWARD','XX:30',0,32792),(163885,'ALTERED','','BOTH','',0,32780),(163886,'ALTERED','','FORWARD','XX:05',0,32803),(163887,'ALTERED','','FORWARD','XX:35',0,32803),(163888,'CANCELLED','','BOTH','',0,32783),(163889,'ALTERED','','BOTH','',0,32798),(163890,'ALTERED','','FORWARD','',0,32786),(163891,'ALTERED','','FORWARD','XX:15, XX:45',0,32793),(163892,'CANCELLED','','BOTH','',0,32787),(163893,'CANCELLED','','BOTH','',0,32778),(163894,'ALTERED','','FORWARD','',0,32785),(163895,'ALTERED','','FORWARD','',0,32768),(163896,'ALTERED','','FORWARD','',0,32771),(163897,'ALTERED','','REVERSE','XX:03',0,32803),(163898,'ALTERED','','REVERSE','XX:20',0,32803),(163899,'ALTERED','','REVERSE','',0,32768),(163900,'ALTERED','','REVERSE','XX:18, XX:24, XX:45',0,32793),(163901,'ALTERED','','REVERSE','XX:39',0,32793),(163902,'ALTERED','','REVERSE','',0,32786),(163903,'ALTERED','','REVERSE','',0,32785),(163904,'ALTERED','','REVERSE','',0,32771),(163905,'ALTERED','','BOTH','XX:00',0,32792),(163906,'ALTERED','','FORWARD','XX:30',0,32792),(163907,'ALTERED','','FORWARD','xx:05',0,32803),(163908,'ALTERED','','FORWARD','XX:35',0,32803),(163909,'ALTERED','','FORWARD','',0,32798),(163910,'ALTERED','','FORWARD','XX:12',0,32786),(163911,'ALTERED','','FORWARD','XX:42',0,32786),(163912,'CANCELLED','','BOTH','XX:15',0,32793),(163913,'ALTERED','','FORWARD','XX:45',0,32793),(163914,'CANCELLED','','BOTH','',0,32778),(163915,'ALTERED','','FORWARD','XX:20, XX:50',0,32785),(163916,'ALTERED','','FORWARD','XX:23, XX:53',0,32768),(163917,'ALTERED','','FORWARD','',0,32771),(163918,'CANCELLED','','REVERSE','',0,32778),(163919,'ALTERED','','REVERSE','',0,32803),(163920,'ALTERED','','REVERSE','XX:15, XX:44',0,32768),(163921,'ALTERED','','REVERSE','',0,32793),(163922,'ALTERED','','REVERSE','',0,32793),(163923,'ALTERED','','REVERSE','',0,32803),(163924,'ALTERED','','REVERSE','XX:24, XX:54',0,32786),(163925,'ALTERED','','REVERSE','XX:47, XX:xx',0,32785),(163926,'ALTERED','','REVERSE','',0,32771),(163927,'ALTERED','','REVERSE','',0,32798),(163928,'CANCELLED','','FORWARD','',0,32792),(163929,'ALTERED','','FORWARD','XX:05, XX:35',0,32803),(163930,'ALTERED','','FORWARD','',0,32798),(163931,'ALTERED','','FORWARD','XX:12, XX:42',0,32786),(163932,'ALTERED','','FORWARD','XX:20, XX:42',0,32785),(163933,'ALTERED','','BOTH','XX:23, XX:53',0,32768),(163934,'ALTERED','','FORWARD','',0,32771),(163935,'ALTERED','','REVERSE','SSO required',0,32803),(163936,'ALTERED','','REVERSE','No SSO required',0,32803),(163937,'UNAFFECTED','','REVERSE','',0,32792),(163938,'ALTERED','','REVERSE','XX:24, XX:54',0,32786),(163939,'ALTERED','','REVERSE','XX:47, XX:xx',0,32785),(163940,'ALTERED','','REVERSE','',0,32771),(163941,'ALTERED','','REVERSE','',0,32798),(163942,'ALTERED','','FORWARD','XX:23, XX:53 Iif DMSL is blocked)',0,32768),(163943,'ALTERED','','REVERSE','XX:14, XX:44 (if UMSL is blocked)',0,32768),(163944,'ALTERED','','FORWARD','XX:05',0,32803),(163945,'ALTERED','','FORWARD','XX:35',0,32803),(163946,'ALTERED','','FORWARD','',0,32798),(163947,'ALTERED','','FORWARD','',0,32771),(163948,'ALTERED','','REVERSE','XX:03',0,32803),(163949,'ALTERED','','REVERSE','XX:20',0,32803),(163950,'ALTERED','','REVERSE','',0,32771),(163951,'ALTERED','','REVERSE','',0,32798),(163952,'ALTERED','','FORWARD','XX:05',0,32803),(163953,'ALTERED','','FORWARD','XX:35',0,32803),(163954,'ALTERED','','FORWARD','',0,32798),(163955,'ALTERED','','FORWARD','',0,32771),(163956,'ALTERED','','REVERSE','XX:03',0,32803),(163957,'ALTERED','','REVERSE','XX:20',0,32803),(163958,'ALTERED','','REVERSE','',0,32771),(163959,'ALTERED','','REVERSE','',0,32798),(163960,'ALTERED','','FORWARD','XX:05',0,32803),(163961,'ALTERED','','FORWARD','XX:35',0,32803),(163962,'ALTERED','','FORWARD','',0,32798),(163963,'ALTERED','','FORWARD','',0,32771),(163964,'UNAFFECTED','','REVERSE','XX:03',0,32803),(163965,'ALTERED','','REVERSE','XX:20',0,32803),(163966,'ALTERED','','REVERSE','',0,32771),(163967,'ALTERED','','REVERSE','',0,32798),(163968,'ALTERED','','FORWARD','XX:05',0,32803),(163969,'UNAFFECTED','','FORWARD','XX:35',0,32803),(163970,'ALTERED','','FORWARD','',0,32798),(163971,'ALTERED','','FORWARD','',0,32771),(163972,'ALTERED','','REVERSE','XX:03',0,32803),(163973,'ALTERED','','REVERSE','XX:20',0,32803),(163974,'ALTERED','','REVERSE','',0,32771),(163975,'ALTERED','','REVERSE','',0,32798),(163976,'ALTERED','','FORWARD','XX:05',0,32803),(163977,'ALTERED','','FORWARD','XX:35',0,32803),(163978,'ALTERED','','FORWARD','',0,32798),(163979,'ALTERED','','FORWARD','',0,32771),(163980,'ALTERED','','REVERSE','XX:03',0,32803),(163981,'ALTERED','','REVERSE','XX:20',0,32803),(163982,'ALTERED','','REVERSE','',0,32771),(163983,'ALTERED','','REVERSE','',0,32798),(163984,'ALTERED','','FORWARD','XX:05',0,32803),(163985,'ALTERED','','FORWARD','XX:35',0,32803),(163986,'ALTERED','','FORWARD','',0,32798),(163987,'ALTERED','','FORWARD','',0,32771),(163988,'UNAFFECTED','','REVERSE','XX:03',0,32803),(163989,'ALTERED','','REVERSE','XX:20',0,32803),(163990,'ALTERED','','REVERSE','',0,32771),(163991,'ALTERED','','REVERSE','',0,32798),(163992,'ALTERED','','FORWARD','XX:05',0,32803),(163993,'UNAFFECTED','','FORWARD','XX:35',0,32803),(163994,'ALTERED','','FORWARD','',0,32798),(163995,'ALTERED','','FORWARD','',0,32771),(163996,'ALTERED','','REVERSE','XX:03',0,32803),(163997,'ALTERED','','REVERSE','XX:20',0,32803),(163998,'ALTERED','','REVERSE','',0,32771),(163999,'ALTERED','','REVERSE','',0,32798),(164000,'CANCELLED','','FORWARD','',0,32792),(164001,'ALTERED','','FORWARD','XX:05',0,32803),(164002,'ALTERED','','FORWARD','XX:35',0,32803),(164003,'ALTERED','','FORWARD','',0,32798),(164004,'ALTERED','','FORWARD','',0,32771),(164005,'ALTERED','','FORWARD','',0,32796),(164006,'ALTERED','','REVERSE','XX:03',0,32803),(164007,'ALTERED','','REVERSE','XX:20',0,32803),(164008,'ALTERED','','REVERSE','',0,32771),(164009,'ALTERED','','REVERSE','',0,32798),(164010,'ALTERED','','BOTH','',0,32794),(164011,'CANCELLED','','FORWARD','',0,32792),(164012,'ALTERED','','FORWARD','XX:05',0,32803),(164013,'ALTERED','','FORWARD','XX:35',0,32803),(164014,'ALTERED','','FORWARD','',0,32798),(164015,'ALTERED','','FORWARD','',0,32771),(164016,'ALTERED','','FORWARD','',0,32796),(164017,'CANCELLED','','REVERSE','',0,32792),(164018,'ALTERED','','REVERSE','',0,32771),(164019,'ALTERED','','REVERSE','',0,32798),(164020,'ALTERED','','FORWARD','',0,32798),(164021,'ALTERED','','FORWARD','',0,32771),(164022,'ALTERED','','FORWARD','',0,32796),(164023,'ALTERED','','REVERSE','XX:03',0,32803),(164024,'ALTERED','','REVERSE','XX:20',0,32803),(164025,'ALTERED','','REVERSE','',0,32771),(164026,'ALTERED','','REVERSE','',0,32798),(164027,'ALTERED','','BOTH','',0,32794),(164028,'CANCELLED','','FORWARD','',0,32792),(164029,'ALTERED','','FORWARD','XX:05',0,32803),(164030,'ALTERED','','FORWARD','XX:35',0,32803),(164031,'ALTERED','','FORWARD','',0,32798),(164032,'ALTERED','','FORWARD','',0,32771),(164033,'ALTERED','','FORWARD','',0,32796),(164034,'ALTERED','','REVERSE','XX:03',0,32803),(164035,'ALTERED','','REVERSE','XX:20',0,32803),(164036,'ALTERED','','REVERSE','',0,32771),(164037,'ALTERED','','REVERSE','',0,32798),(164038,'ALTERED','','BOTH','',0,32794),(164039,'CANCELLED','','FORWARD','',0,32792),(164040,'ALTERED','','FORWARD','XX:05',0,32803),(164041,'ALTERED','','FORWARD','XX:35',0,32803),(164042,'ALTERED','','FORWARD','',0,32798),(164043,'ALTERED','','FORWARD','',0,32771),(164044,'ALTERED','','FORWARD','',0,32796),(164045,'CANCELLED','','REVERSE','',0,32792),(164046,'ALTERED','','REVERSE','',0,32771),(164047,'ALTERED','','REVERSE','',0,32798),(164048,'ALTERED','','FORWARD','',0,32771),(164049,'ALTERED','','FORWARD','',0,32796),(164050,'ALTERED','','REVERSE','XX:03',0,32803),(164051,'ALTERED','','REVERSE','XX:20',0,32803),(164052,'ALTERED','','REVERSE','',0,32771),(164053,'ALTERED','','REVERSE','',0,32798),(164054,'ALTERED','','BOTH','',0,32794),(164055,'ALTERED','','FORWARD','XX:05',0,32803),(164056,'ALTERED','','FORWARD','XX:35',0,32803),(164057,'ALTERED','','FORWARD','',0,32771),(164058,'ALTERED','','FORWARD','',0,32796),(164059,'CANCELLED','','BOTH','Southern, Southampton Central to Portsmouth Hbr',0,32777),(164060,'ALTERED','','REVERSE','XX:03',0,32803),(164061,'ALTERED','','REVERSE','XX:20',0,32803),(164062,'ALTERED','','REVERSE','',0,32771),(164063,'ALTERED','','BOTH','',0,32794),(164064,'CANCELLED','','BOTH','Southern, Portsmouth Hbr to Southampton Central',0,32777),(164065,'ALTERED','','FORWARD','XX:05',0,32803),(164066,'ALTERED','','FORWARD','XX:35',0,32803),(164067,'ALTERED','','FORWARD','',0,32771),(164068,'ALTERED','','FORWARD','',0,32796),(164069,'CANCELLED','','BOTH','Southern, Southampton Central to Portsmouth Hbr',0,32777),(164070,'ALTERED','','REVERSE','XX:03',0,32803),(164071,'ALTERED','','REVERSE','XX:20',0,32803),(164072,'ALTERED','','REVERSE','',0,32771),(164073,'ALTERED','','BOTH','',0,32794),(164074,'CANCELLED','','BOTH','Southern, Portsmouth Hbr to Southampton Central',0,32777),(164075,'ALTERED','','FORWARD','XX:05',0,32803),(164076,'ALTERED','','FORWARD','XX:35',0,32803),(164077,'ALTERED','','FORWARD','',0,32771),(164078,'ALTERED','','FORWARD','',0,32796),(164079,'ALTERED','','REVERSE','XX:03',0,32803),(164080,'ALTERED','','REVERSE','XX:20',0,32803),(164081,'ALTERED','','REVERSE','',0,32771),(164082,'ALTERED','','BOTH','',0,32794),(164083,'ALTERED','','FORWARD','XX:05',0,32803),(164084,'ALTERED','','FORWARD','XX:35',0,32803),(164085,'ALTERED','','FORWARD','',0,32771),(164086,'ALTERED','','FORWARD','',0,32796),(164087,'ALTERED','','REVERSE','XX:03',0,32803),(164088,'ALTERED','','REVERSE','XX:20',0,32803),(164089,'ALTERED','','REVERSE','',0,32771),(164090,'ALTERED','','REVERSE','',0,32796),(164091,'CANCELLED','','FORWARD','XX:05',0,32803),(164092,'ALTERED','','FORWARD','XX:35',0,32803),(164093,'ALTERED','','FORWARD','',0,32771),(164094,'ALTERED','','REVERSE','XX:03',0,32803),(164095,'CANCELLED','','REVERSE','XX:20',0,32803),(164096,'ALTERED','','REVERSE','',0,32771),(164097,'ALTERED','','FORWARD','XX:05',0,32803),(164098,'ALTERED','','FORWARD','XX:35',0,32803),(164099,'ALTERED','','FORWARD','',0,32771),(164100,'ALTERED','','REVERSE','XX:20',0,32803),(164101,'ALTERED','','REVERSE','',0,32771),(164102,'ALTERED','','FORWARD','XX:05',0,32803),(164103,'ALTERED','','FORWARD','XX:35',0,32803),(164104,'ALTERED','','REVERSE','XX:03',0,32803),(164105,'ALTERED','','REVERSE','XX:20',0,32803),(164106,'ALTERED','','FORWARD','XX:05',0,32803),(164107,'ALTERED','','FORWARD','XX:35',0,32803),(164108,'ALTERED','','REVERSE','XX:03',0,32803),(164109,'ALTERED','','REVERSE','XX:20',0,32803),(164110,'ALTERED','','FORWARD','XX:05',0,32803),(164111,'ALTERED','','FORWARD','XX:35',0,32803),(164112,'ALTERED','','REVERSE','XX:03',0,32803),(164113,'ALTERED','','REVERSE','XX:20',0,32803),(164114,'ALTERED','','FORWARD','XX:00',0,32792),(164115,'CANCELLED','','FORWARD','XX:15',0,32793),(164116,'ALTERED','','FORWARD','XX:30',0,32792),(164117,'ALTERED','','FORWARD','XX:45',0,32793),(164118,'ALTERED','','REVERSE','XX:15',0,32792),(164119,'ALTERED','','REVERSE','XX:45',0,32792),(164120,'ALTERED','','REVERSE','XX:18/24',0,32793),(164121,'CANCELLED','','REVERSE','XX:39',0,32793),(164122,'ALTERED','','FORWARD','XX:00',0,32792),(164123,'ALTERED','','FORWARD','XX:30',0,32792),(164124,'CANCELLED','','FORWARD','XX:15',0,32793),(164125,'ALTERED','','FORWARD','XX:45',0,32793),(164126,'ALTERED','','REVERSE','XX:18/24',0,32793),(164127,'CANCELLED','','REVERSE','XX:39',0,32793),(164128,'CANCELLED','','FORWARD','Xx:15',0,32793),(164129,'ALTERED','','FORWARD','XX:45',0,32793),(164130,'ALTERED','','REVERSE','XX:15',0,32792),(164131,'ALTERED','','REVERSE','XX:45',0,32792),(164132,'ALTERED','','REVERSE','XX:18/24',0,32793),(164133,'CANCELLED','','REVERSE','XX:39',0,32793),(164134,'CANCELLED','','FORWARD','XX:00',0,32792),(164135,'ALTERED','','FORWARD','XX:30',0,32792),(164136,'ALTERED','','FORWARD','XX:15',0,32793),(164137,'ALTERED','','FORWARD','XX:45',0,32793),(164138,'CANCELLED','','REVERSE','XX:15',0,32792),(164139,'ALTERED','','REVERSE','XX:45',0,32792),(164140,'ALTERED','','REVERSE','18/24',0,32793),(164141,'ALTERED','','REVERSE','XX:39',0,32793),(164142,'ALTERED','','FORWARD','',0,32792),(164143,'ALTERED','','FORWARD','XX:15',0,32793),(164144,'ALTERED','','FORWARD','XX:45',0,32793),(164145,'CANCELLED','','REVERSE','XX:15',0,32792),(164146,'ALTERED','','REVERSE','XX:45',0,32792),(164147,'ALTERED','','REVERSE','XX:18/24',0,32793),(164148,'ALTERED','','REVERSE','XX:39',0,32793),(164149,'CANCELLED','','FORWARD','XX:00',0,32792),(164150,'ALTERED','','FORWARD','XX:30',0,32792),(164151,'ALTERED','','FORWARD','XX:15',0,32793),(164152,'ALTERED','','FORWARD','XX:45',0,32793),(164153,'CANCELLED','','REVERSE','XX:15',0,32792),(164154,'ALTERED','','REVERSE','XX:45',0,32792),(164155,'ALTERED','','REVERSE','XX:18/24',0,32793),(164156,'ALTERED','','REVERSE','XX:39',0,32793),(164157,'CANCELLED','','FORWARD','XX:00',0,32792),(164158,'ALTERED','','FORWARD','XX:30',0,32792),(164159,'ALTERED','','FORWARD','',0,32793),(164160,'CANCELLED','','REVERSE','XX:15',0,32792),(164161,'ALTERED','','REVERSE','XX:45',0,32792),(164162,'ALTERED','','REVERSE','',0,32793),(164163,'CANCELLED','','FORWARD','XX:00',0,32792),(164164,'ALTERED','','FORWARD','XX:30',0,32792),(164165,'ALTERED','','FORWARD','',0,32793),(164166,'CANCELLED','','REVERSE','XX:15',0,32792),(164167,'ALTERED','','REVERSE','XX:45',0,32792),(164168,'ALTERED','','REVERSE','',0,32793),(164169,'CANCELLED','','FORWARD','XX:00',0,32792),(164170,'ALTERED','','FORWARD','XX:30',0,32792),(164171,'ALTERED','','FORWARD','',0,32793),(164172,'CANCELLED','','REVERSE','XX:15',0,32792),(164173,'ALTERED','','REVERSE','XX:45',0,32792),(164174,'ALTERED','','REVERSE','',0,32793),(164175,'CANCELLED','','FORWARD','XX:00',0,32792),(164176,'ALTERED','','FORWARD','XX:30',0,32792),(164177,'ALTERED','','FORWARD','',0,32793),(164178,'CANCELLED','','REVERSE','XX:15',0,32792),(164179,'ALTERED','','REVERSE','XX:45',0,32792),(164180,'ALTERED','','REVERSE','',0,32793),(164181,'CANCELLED','','FORWARD','XX:00',0,32792),(164182,'ALTERED','','FORWARD','XX:30',0,32792),(164183,'ALTERED','','FORWARD','',0,32793),(164184,'CANCELLED','','REVERSE','XX:15',0,32792),(164185,'ALTERED','','REVERSE','XX:45',0,32792),(164186,'ALTERED','','REVERSE','',0,32793),(164187,'CANCELLED','','FORWARD','XX:00',0,32792),(164188,'ALTERED','','FORWARD','XX:30',0,32792),(164189,'ALTERED','','FORWARD','',0,32793),(164190,'CANCELLED','','REVERSE','XX:15',0,32792),(164191,'ALTERED','','REVERSE','XX:45',0,32792),(164192,'ALTERED','','REVERSE','',0,32793),(164193,'ALTERED','','FORWARD','XX:00',0,32792),(164194,'ALTERED','','FORWARD','XX:30',0,32792),(164195,'ALTERED','','FORWARD','',0,32793),(164196,'ALTERED','','REVERSE','XX:15',0,32792),(164197,'ALTERED','','REVERSE','XX:45',0,32792),(164198,'ALTERED','','REVERSE','',0,32793),(164199,'ALTERED','','FORWARD','XX:00',0,32792),(164200,'ALTERED','','FORWARD','XX:30',0,32792),(164201,'ALTERED','','FORWARD','',0,32798),(164202,'ALTERED','','FORWARD','',0,32793),(164203,'ALTERED','','BOTH','Southern, Portsmouth Hbr to Southampton Central',0,32777),(164204,'ALTERED','','REVERSE','XX:15',0,32792),(164205,'ALTERED','','REVERSE','XX:45',0,32792),(164206,'ALTERED','','REVERSE','',0,32793),(164207,'ALTERED','','REVERSE','',0,32798),(164208,'ALTERED','','BOTH','Southern, Southampton Central to Portsmouth Hbr',0,32777),(164209,'ALTERED','','FORWARD','XX:00',0,32792),(164210,'ALTERED','','FORWARD','XX:30',0,32792),(164211,'ALTERED','','FORWARD','',0,32798),(164212,'ALTERED','','FORWARD','',0,32793),(164213,'ALTERED','','BOTH','Southern, Portsmouth Hbr to Southampton Central',0,32777),(164214,'ALTERED','','REVERSE','XX:15',0,32792),(164215,'ALTERED','','REVERSE','XX:45',0,32792),(164216,'ALTERED','','REVERSE','',0,32798),(164217,'ALTERED','','REVERSE','',0,32793),(164218,'ALTERED','','BOTH','Southern, Southampton Central to Portsmouth Hbr',0,32777),(164219,'ALTERED','','FORWARD','XX:00',0,32792),(164220,'ALTERED','','FORWARD','XX:30',0,32792),(164221,'ALTERED','','FORWARD','',0,32798),(164222,'ALTERED','','FORWARD','',0,32793),(164223,'ALTERED','','BOTH','Southern, Portsmouth Hbr to Southampton Central',0,32777),(164224,'ALTERED','','REVERSE','XX:15',0,32792),(164225,'ALTERED','','REVERSE','XX:45',0,32792),(164226,'ALTERED','','REVERSE','',0,32798),(164227,'ALTERED','','REVERSE','',0,32793),(164228,'ALTERED','','BOTH','Southern, Southampton Central to Portsmouth Hbr',0,32777),(164229,'ALTERED','','FORWARD','XX:23',0,32768),(164230,'ALTERED','','FORWARD','XX:53',0,32768),(164231,'ALTERED','','REVERSE','XX:14',0,32768),(164232,'ALTERED','','REVERSE','XX:44',0,32768),(164233,'ALTERED','','FORWARD','XX:23',0,32768),(164234,'ALTERED','','FORWARD','XX:53',0,32768),(164235,'ALTERED','','REVERSE','XX:14',0,32768),(164236,'ALTERED','','REVERSE','XX:44',0,32768),(164237,'ALTERED','','FORWARD','XX:23',0,32768),(164238,'ALTERED','','FORWARD','XX:53',0,32768),(164239,'CANCELLED','','FORWARD','XX:23',0,32789),(164240,'CANCELLED','','FORWARD','XX:53',0,32789),(164241,'ALTERED','','REVERSE','XX:14',0,32768),(164242,'ALTERED','','REVERSE','XX:44',0,32768),(164243,'CANCELLED','','REVERSE','XX:00',0,32789),(164244,'CANCELLED','','REVERSE','XX:30',0,32789),(164245,'ALTERED','','FORWARD','XX:23',0,32768),(164246,'ALTERED','','FORWARD','XX:53',0,32768),(164247,'CANCELLED','','FORWARD','XX:23',0,32789),(164248,'CANCELLED','','FORWARD','XX:53',0,32789),(164249,'CANCELLED','','REVERSE','XX:00',0,32789),(164250,'CANCELLED','','REVERSE','XX:30',0,32789),(164251,'CANCELLED','','FORWARD','XX:23',0,32789),(164252,'CANCELLED','','FORWARD','XX:53',0,32789),(164253,'ALTERED','','REVERSE','XX:14',0,32768),(164254,'ALTERED','','REVERSE','XX:44',0,32768),(164255,'CANCELLED','','REVERSE','XX:00',0,32789),(164256,'CANCELLED','','REVERSE','XX:30',0,32789),(164257,'CANCELLED','','FORWARD','XX:23',0,32768),(164258,'CANCELLED','','FORWARD','XX:53',0,32768),(164259,'CANCELLED','','FORWARD','XX:23',0,32789),(164260,'CANCELLED','','FORWARD','XX:53',0,32789),(164261,'CANCELLED','','REVERSE','XX:14',0,32768),(164262,'CANCELLED','','REVERSE','XX:44',0,32768),(164263,'CANCELLED','','REVERSE','XX:00',0,32789),(164264,'CANCELLED','','REVERSE','XX:30',0,32789),(164265,'ALTERED','','FORWARD','XX:23',0,32768),(164266,'ALTERED','','FORWARD','XX:53',0,32768),(164267,'ALTERED','','REVERSE','XX:14',0,32768),(164268,'ALTERED','','REVERSE','XX:44',0,32768),(164269,'ALTERED','','FORWARD','XX:23',0,32768),(164270,'ALTERED','','FORWARD','XX:53',0,32768),(164271,'ALTERED','','REVERSE','XX:14',0,32768),(164272,'ALTERED','','REVERSE','XX:44',0,32768),(164273,'ALTERED','','FORWARD','XX:23',0,32768),(164274,'ALTERED','','FORWARD','XX:53',0,32768),(164275,'ALTERED','','REVERSE','XX:14',0,32768),(164276,'ALTERED','','REVERSE','XX:44',0,32768),(164277,'ALTERED','','FORWARD','XX:20',0,32785),(164278,'ALTERED','','FORWARD','XX:50',0,32785),(164279,'ALTERED','','REVERSE','Salisbury to Waterloo',0,32785),(164280,'ALTERED','','REVERSE','West of England to Waterloo',0,32785),(164281,'ALTERED','','FORWARD','XX:20',0,32785),(164282,'ALTERED','','FORWARD','XX:50',0,32785),(164283,'ALTERED','','REVERSE','Salisbury to Waterloo',0,32785),(164284,'ALTERED','','REVERSE','West of England to Waterloo',0,32785),(164285,'ALTERED','','FORWARD','',0,32785),(164286,'ALTERED','','REVERSE','Salisbury to Waterloo',0,32785),(164287,'ALTERED','','REVERSE','West of England to Waterloo',0,32785),(164288,'ALTERED','','FORWARD','XX:20',0,32785),(164289,'ALTERED','','FORWARD','XX:50',0,32785),(164290,'ALTERED','','REVERSE','Salisbury to Waterloo',0,32785),(164291,'ALTERED','','REVERSE','West of England to Waterloo',0,32785),(164292,'ALTERED','','FORWARD','XX:20',0,32785),(164293,'ALTERED','','FORWARD','XX:50',0,32785),(164294,'ALTERED','','REVERSE','Salisbury to Waterloo',0,32785),(164295,'ALTERED','','FORWARD','',0,32785),(164296,'ALTERED','','REVERSE','Salisbury to Waterloo',0,32785),(164297,'ALTERED','','REVERSE','West of England to Waterloo',0,32785),(164298,'ALTERED','','FORWARD','',0,32798),(164299,'ALTERED','','REVERSE','',0,32798),(164300,'ALTERED','','FORWARD','',0,32798),(164301,'ALTERED','','REVERSE','',0,32798),(164302,'ALTERED','','FORWARD','',0,32796),(164303,'ALTERED','','BOTH','',0,32794),(164304,'CANCELLED','','FORWARD','Southern, Portsmouth Hbr to Southampton Central',0,32777),(164305,'CANCELLED','','REVERSE','Southern, Southampton Central to Portsmouth Hbr',0,32777),(164306,'ALTERED','','FORWARD','',0,32798),(164307,'ALTERED','','REVERSE','',0,32798),(164308,'CANCELLED','','FORWARD','Southern, Portsmouth Hbr to Southampton Central',0,32777),(164309,'CANCELLED','','REVERSE','Southern, Southampton Central to Portsmouth Hbr',0,32777),(164310,'ALTERED','','FORWARD','',0,32798),(164311,'ALTERED','','REVERSE','',0,32798),(164312,'CANCELLED','','FORWARD','Portsmouth Hbr to Southampton Central',0,32777),(164313,'CANCELLED','','REVERSE','Southampton Central to Portsmouth Hbr',0,32777),(164314,'ALTERED','','FORWARD','XX:09',0,32776),(164315,'ALTERED','','FORWARD','XX:39',0,32776),(164316,'ALTERED','','FORWARD','XX:16',0,32787),(164317,'ALTERED','','FORWARD','XX:46',0,32787),(164318,'CANCELLED','','FORWARD','XX:24',0,32774),(164319,'CANCELLED','','FORWARD','XX:54',0,32774),(164320,'CANCELLED','','REVERSE','XX:05',0,32774),(164321,'CANCELLED','','REVERSE','XX:35',0,32774),(164322,'ALTERED','','REVERSE','XX:09',0,32787),(164323,'ALTERED','','REVERSE','XX:39',0,32787),(164324,'ALTERED','','REVERSE','XX:28',0,32776),(164325,'ALTERED','','REVERSE','XX:58',0,32776);
/*!40000 ALTER TABLE `ContingencyAlteration` ENABLE KEYS */;
UNLOCK TABLES;

--
-- Dumping data for table `ContingencyAlteration_alterations`
--

LOCK TABLES `ContingencyAlteration_alterations` WRITE;
/*!40000 ALTER TABLE `ContingencyAlteration_alterations` DISABLE KEYS */;
INSERT INTO `ContingencyAlteration_alterations` (`ContingencyAlteration_id`, `alterationType`, `location`, `position`) VALUES (163840,'STARTFINISH','Basingstoke',0),(163844,'CALLADD','Clapham Jn',0),(163844,'CALLADD','Woking',1),(163844,'CALLADD','Basingstoke',2),(163845,'CALLADD','Berrylands',0),(163846,'NOTCALL','Farnborough',0),(163846,'NOTCALL','Fleet',1),(163847,'STARTFINISH','Basingstoke',0),(163848,'RUNVIA','Twickenham',0),(163849,'STARTFINISH','Woking',0),(163854,'CALLADD','Clapham Jn',0),(163854,'CALLADD','Woking',1),(163854,'CALLADD','Basingstoke',2),(163855,'CALLADD','Berrylands',0),(163856,'CALLADD','all stations Woking to Surbiton',0),(163857,'NOTCALL','Farnborough',0),(163857,'NOTCALL','Fleet',1),(163858,'NEWORIGIN','Woking',0),(163859,'CALLADD','Berrylands',0),(163860,'CALLADD','Woking',0),(163861,'CALLADD','Clapham Jn',0),(163861,'CALLADD','Basingstoke',1),(163863,'NOTCALL','Farnborough',0),(163863,'NOTCALL','Fleet',1),(163864,'CALLADD','Esher',0),(163864,'CALLADD','Hersham',1),(163864,'CALLADD','Byfleet & New Haw',2),(163864,'CALLADD','West Byfleet',3),(163865,'RUNVIA','TW Fast from Clapham Junction',0),(163865,'CALLADD','Strawberry Hill',1),(163865,'CALLADD','Fulwell',2),(163867,'NEWORIGIN','Basingstoke',0),(163870,'NEWDEST','Basingstoke',0),(163871,'NEWDEST','Woking',0),(163872,'NEWDEST','Woking',0),(163873,'CALLADD','Berrylands',0),(163875,'NOTCALL','Farnborough',0),(163875,'NOTCALL','Fleet',1),(163877,'NEWORIGIN','Basingstoke',0),(163879,'CALLADD','Woking',0),(163880,'CALLADD','Basingstoke',0),(163880,'CALLADD','Clapham Jn',1),(163881,'NEWDEST','Basingstoke',0),(163884,'NEWORIGIN','Guildford',0),(163885,'CALLADD','Raynes Pk',0),(163885,'RUNVIA','Fast (via Epsom) to Effingham Jn',1),(163886,'NEWORIGIN','Basingstoke',0),(163887,'NEWORIGIN','Woking',0),(163889,'RUNVIA','Chertsey',0),(163890,'NEWORIGIN','Woking',0),(163891,'NEWORIGIN','Woking',0),(163894,'NEWORIGIN','Basingstoke',0),(163895,'NEWORIGIN','Woking',0),(163896,'NEWORIGIN','Basingstoke',0),(163897,'NEWDEST','Woking',0),(163898,'NEWDEST','Basingstoke',0),(163899,'NEWDEST','Woking',0),(163900,'NEWDEST','Guildford',0),(163901,'NEWDEST','Woking',0),(163902,'NEWDEST','Woking',0),(163903,'NEWDEST','Basingstoke',0),(163904,'NEWDEST','Basingstoke',0),(163905,'RUNVIA','Cobham',0),(163905,'NOTCALL','Woking',1),(163906,'NEWORIGIN','Guildford',0),(163907,'NEWORIGIN','Basingstoke',0),(163908,'NEWORIGIN','Woking',0),(163909,'NEWORIGIN','Woking',0),(163910,'NEWORIGIN','Woking',0),(163911,'NEWORIGIN','Woking',0),(163913,'NEWORIGIN','Woking',0),(163915,'NEWORIGIN','Basingstoke',0),(163916,'NEWORIGIN','Woking',0),(163917,'NEWORIGIN','Basingstoke',0),(163919,'NEWDEST','Woking',0),(163920,'NEWDEST','Woking',0),(163921,'NEWDEST','Guildford',0),(163922,'NEWDEST','Woking',0),(163923,'NEWDEST','Basingstoke',0),(163924,'NEWDEST','Woking',0),(163925,'NEWDEST','Basingstoke',0),(163926,'NEWDEST','Basingstoke',0),(163927,'NEWDEST','Woking',0),(163929,'RUNVIA','Havant',0),(163929,'CALLADD','Guildford',1),(163929,'CALLADD','Havant, then Southampton Central',2),(163930,'NEWORIGIN','Basingstoke',0),(163931,'NEWORIGIN','Woking',0),(163932,'NEWORIGIN','Basingstoke',0),(163933,'RUNVIA','Woking fast via Guildford (change ends) to Aldershot then as booked',0),(163934,'NEWORIGIN','Eastleigh',0),(163935,'RUNVIA','Havant , fast from Southampton Central to Woking',0),(163936,'RUNVIA','Havant, farst from Southampton Central to Woking',0),(163938,'NEWDEST','Woking',0),(163939,'NEWDEST','Basingstoke',0),(163940,'NEWDEST','Eastleigh',0),(163941,'NEWDEST','Basingstoke',0),(163942,'RUNVIA','Woking fast via Guildford (change ends) to Aldershot then as booked',0),(163943,'RUNVIA','Woking fast via Guildford (change ends) to Aldershot then as booked',0),(163944,'NEWORIGIN','Micheldever',0),(163945,'RUNVIA','Havant (Fast from Woking to Southampton Central)',0),(163945,'CALLADD','Clapham Jn',1),(163946,'NEWORIGIN','Micheldever',0),(163947,'NEWORIGIN','Southampton Central',0),(163948,'NEWDEST','Micheldever',0),(163949,'RUNVIA','Havant (Fast from Southampton Central to Woking',0),(163949,'CALLADD','Woking',1),(163950,'NEWDEST','Southampton Central',0),(163951,'NEWDEST','Micheldever',0),(163952,'NEWORIGIN','Winchester',0),(163953,'RUNVIA','Havant (fast from woking via Havant to Southampton Central, then as booked)',0),(163954,'NEWORIGIN','Eastleigh',0),(163955,'NEWORIGIN','Southampton Central',0),(163956,'RUNVIA','Havant (Fast from Southampton Central via Havant to Woking, then as booked)',0),(163957,'NEWDEST','Winchester',0),(163958,'NEWDEST','Southampton Central',0),(163959,'NEWDEST','Eastleigh',0),(163960,'NEWORIGIN','Winchester',0),(163961,'RUNVIA','Havant (fast from woking via Havant to Southampton Central, then as booked)',0),(163962,'NEWORIGIN','Eastleigh',0),(163963,'NEWORIGIN','Southampton Central',0),(163965,'NEWDEST','Winchester',0),(163966,'NEWDEST','Southampton Central',0),(163967,'NEWDEST','Eastleigh',0),(163968,'NEWORIGIN','Winchester',0),(163970,'NEWORIGIN','Eastleigh',0),(163971,'NEWORIGIN','Southampton Central',0),(163972,'RUNVIA','Havant (Fast from Southampton Central via Havant to Woking, then as booked)',0),(163973,'NEWDEST','Winchester',0),(163974,'NEWDEST','Southampton Central',0),(163975,'NEWDEST','Eastleigh',0),(163976,'NEWORIGIN','Eastleigh',0),(163977,'RUNVIA','Havant (fast from woking via Havant to Southampton Central, then as booked)',0),(163978,'NEWORIGIN','Eastleigh',0),(163979,'NEWORIGIN','Southampton Central',0),(163980,'RUNVIA','Havant (Fast from Southampton Central via Havant to Woking, then as booked)',0),(163981,'NEWDEST','Eastleigh',0),(163982,'NEWDEST','Southampton Central',0),(163983,'NEWDEST','Eastleigh',0),(163984,'NEWORIGIN','Eastleigh',0),(163985,'RUNVIA','Havant (fast from woking via Havant to Southampton Central, then as booked)',0),(163986,'NEWORIGIN','Eastleigh',0),(163987,'NEWORIGIN','Southampton Central',0),(163989,'NEWDEST','Eastleigh',0),(163990,'NEWDEST','Southampton Central',0),(163991,'NEWDEST','Eastleigh',0),(163992,'NEWORIGIN','Eastleigh',0),(163994,'NEWORIGIN','Eastleigh',0),(163995,'NEWORIGIN','Southampton Central',0),(163996,'RUNVIA','Havant (Fast from Southampton Central via Havant to Woking, then as booked)',0),(163997,'NEWDEST','Eastleigh',0),(163998,'NEWDEST','Southampton Central',0),(163999,'NEWDEST','Eastleigh',0),(164001,'RUNVIA','Havant',0),(164001,'CALLADD','Guildford',1),(164001,'CALLADD','Havant, then Southampton Central',2),(164002,'CALLADD','Clapham Jut',0),(164002,'RUNVIA','Havant (fast from woking via Havant to Southampton Central)',1),(164003,'NEWDEST','Winchester',0),(164004,'NEWORIGIN','Southampton Central',0),(164005,'NEWORIGIN','Southampton Central',0),(164006,'RUNVIA','Havant (Fast from Southampton Central via Havant to Woking)',0),(164007,'RUNVIA','Havant (Fast from Southampton Central to Clapham Junction and Waterloo)',0),(164008,'NEWDEST','Southampton Central',0),(164009,'NEWORIGIN','Winchester',0),(164010,'NEWDEST','Southampton Central via Test Valley',0),(164010,'NOTCALL','Chandlers Ford',1),(164012,'RUNVIA','Havant',0),(164012,'CALLADD','Guildford',1),(164012,'CALLADD','Havant, then Southampton Central',2),(164013,'CALLADD','Clapham Jut',0),(164013,'RUNVIA','Havant (fast from woking via Havant to Southampton Central)',1),(164014,'NEWDEST','Winchester',0),(164015,'NEWORIGIN','Southampton Central',0),(164016,'CALLADD','Southampton Central (change ends), run as booked',0),(164018,'NEWDEST','Southampton Central',0),(164019,'NEWORIGIN','Winchester',0),(164020,'NEWDEST','Winchester',0),(164021,'NEWORIGIN','Southampton Central',0),(164022,'NEWORIGIN','Southampton Central',0),(164023,'RUNVIA','Havant (Fast from Southampton Central to Woking)',0),(164024,'RUNVIA','Havant (Fast from Southampton Central to Woking)',0),(164025,'NEWDEST','Southampton Central',0),(164026,'NEWORIGIN','Winchester',0),(164027,'NEWDEST','Southampton Central via Test Valley',0),(164027,'NOTCALL','Chandlers Ford',1),(164029,'RUNVIA','Havant',0),(164029,'CALLADD','Guildford',1),(164029,'CALLADD','Havant, then Southampton Central',2),(164030,'CALLADD','Clapham Jut',0),(164030,'RUNVIA','Havant (fast from woking to Southampton Central)',1),(164031,'CALLADD','Shawford',0),(164032,'NEWORIGIN','Southampton Central',0),(164033,'NEWORIGIN','Southampton Central',0),(164034,'RUNVIA','Havant (Fast from Southampton Central to Woking)',0),(164035,'RUNVIA','Havant (Fast from Southampton Central to Woking)',0),(164036,'NEWDEST','Southampton Central',0),(164037,'CALLADD','Shawford',0),(164038,'NEWDEST','Southampton Central via Test Valley',0),(164038,'NOTCALL','Chandlers Ford',1),(164040,'RUNVIA','Havant',0),(164040,'CALLADD','Guildford',1),(164040,'CALLADD','Havant, then Southampton Central and run as booked',2),(164041,'CALLADD','Clapham Jut',0),(164041,'RUNVIA','Havant (fast from woking via Havant to Southampton Central)',1),(164042,'CALLADD','Shawford',0),(164043,'NEWORIGIN','Southampton Central',0),(164046,'NEWDEST','Southampton Central',0),(164047,'CALLADD','Shawford',0),(164048,'NEWORIGIN','Southampton Central',0),(164049,'NEWORIGIN','Southampton Central',0),(164050,'RUNVIA','Havant (Fast from Southampton Central to Woking)',0),(164051,'RUNVIA','Havant (Fast from southampton Central to Clapham Jct, Waterloo)',0),(164052,'NEWDEST','Southampton Central',0),(164053,'CALLADD','Shawford',0),(164054,'NEWDEST','Southampton Central via Test Valley',0),(164054,'NOTCALL','Chandlers Ford',1),(164055,'NEWORIGIN','Southampton Central',0),(164056,'NEWDEST','Southampton Airport Parkway',0),(164057,'NEWDEST','Southampton Airport Parkway',0),(164058,'NEWORIGIN','Southampton Central',0),(164060,'NEWORIGIN','Southampton Airport Parkway',0),(164061,'NEWDEST','Southampton Central',0),(164062,'NEWORIGIN','Southampton Airport Parkway',0),(164063,'NEWDEST','Southampton Central via Test Valley',0),(164063,'NOTCALL','Chandlers Ford',1),(164065,'NEWORIGIN','Southampton Central',0),(164066,'NEWDEST','Southampton Airport Parkway',0),(164067,'NEWORIGIN','Southampton Central',0),(164068,'NEWORIGIN','Southampton Central',0),(164070,'NEWORIGIN','Southampton Airport Parkway',0),(164071,'NEWDEST','Southampton Central',0),(164072,'NEWDEST','Southampton Central',0),(164073,'NEWDEST','Southampton Central via Test Valley',0),(164073,'NOTCALL','Chandlers Ford',1),(164075,'NEWORIGIN','Brockenhurst',0),(164076,'NEWDEST','Southampton Central',0),(164076,'CALLADD','Clapham Jn',1),(164076,'CALLADD','Basingstoke',2),(164077,'NEWDEST','Southampton Central',0),(164078,'NEWDEST','Southampton Central',0),(164079,'NEWORIGIN','Southampton Central',0),(164079,'CALLADD','Woking',1),(164080,'NEWDEST','Brockenhurst',0),(164081,'NEWORIGIN','Southampton Central',0),(164082,'NEWORIGIN','Southampton Central',0),(164083,'NEWDEST','Southampton Central',0),(164084,'NEWDEST','Southampton Central',0),(164085,'NEWDEST','Eastleigh',0),(164086,'NEWDEST','Southampton Central',0),(164087,'NEWORIGIN','Southampton Central',0),(164088,'NEWORIGIN','Southampton Central',0),(164089,'NEWORIGIN','Eastleigh',0),(164090,'NEWORIGIN','Southampton Central',0),(164092,'NEWDEST','Brockenhurst',0),(164092,'CALLADD','Clapham Jn',1),(164092,'CALLADD','Basingstoke',2),(164093,'NEWDEST','Brockenhurst',0),(164094,'NEWORIGIN','Brockenhurst',0),(164094,'CALLADD','Basingstoke',1),(164094,'CALLADD','Clapham Jn',2),(164096,'NEWORIGIN','Brockenhurst',0),(164097,'NEWDEST','Bournemouth',0),(164098,'NEWDEST','Bournemouth',0),(164099,'NEWDEST','Bournemouth',0),(164100,'NEWORIGIN','Bournemouth',0),(164101,'NEWORIGIN','Bournemouth',0),(164102,'NEWDEST','Poole',0),(164103,'NEWDEST','Poole',0),(164104,'NEWORIGIN','Poole',0),(164105,'NEWORIGIN','Poole',0),(164106,'NEWDEST','Wareham',0),(164107,'NEWDEST','Poole',0),(164108,'NEWORIGIN','Poole',0),(164109,'NEWORIGIN','Wareham',0),(164110,'NEWDEST','Dorchester South',0),(164111,'NEWDEST','Dorchester South',0),(164112,'NEWORIGIN','Dorchester South',0),(164113,'NEWORIGIN','Dorchester South',0),(164114,'RUNVIA','Cobham',0),(164114,'NOTCALL','Woking',1),(164116,'RUNVIA','Cobham',0),(164116,'NOTCALL','Woking',1),(164117,'NEWORIGIN','Guildford',0),(164118,'RUNVIA','Cobham',0),(164119,'RUNVIA','Cobham',0),(164119,'NOTCALL','Woking',1),(164120,'NEWDEST','Guildford',0),(164122,'RUNVIA','Cobham',0),(164122,'NOTCALL','Woking',1),(164123,'RUNVIA','Cobham',0),(164123,'NOTCALL','Woking',1),(164125,'NEWORIGIN','Guildford',0),(164126,'NEWDEST','Guildford',0),(164129,'NEWORIGIN','Guildford',0),(164130,'RUNVIA','Cobham',0),(164131,'RUNVIA','Cobham',0),(164131,'NOTCALL','Woking',1),(164132,'NEWDEST','Guildford',0),(164135,'RUNVIA','Eastleigh (diverted from Woking)',0),(164135,'CALLADD','Hilsea, then as booked',1),(164136,'NEWDEST','Guildford',0),(164137,'NEWDEST','Guildford',0),(164139,'CALLADD','Hilsea',0),(164139,'RUNVIA','Eastleigh, fast to Woking, then as booked',1),(164140,'NEWORIGIN','Guildford',0),(164141,'NEWORIGIN','Guildford',0),(164142,'RUNVIA','Eastleigh (diverted fast from Woking)',0),(164142,'CALLADD','Hilsea, then as booked',1),(164143,'NEWDEST','Guildford',0),(164144,'NEWDEST','Guildford',0),(164146,'CALLADD','Hilsea then as booked',0),(164147,'NEWORIGIN','Guildford',0),(164148,'NEWORIGIN','SRP',0),(164150,'CALLADD','Hilsea then as booked',0),(164151,'NEWDEST','Guildford',0),(164152,'NEWDEST','Guildford',0),(164154,'CALLADD','Hilsea runs fast to Woking via Eastleigh',0),(164154,'RUNVIA','Eastleigh, fast to Woking, then as booked',1),(164155,'NEWORIGIN','Guildford',0),(164156,'NEWORIGIN','Guildford',0),(164158,'RUNVIA','Eastleigh, runs fast from Woking',0),(164158,'CALLADD','Hilsea, then as booked',1),(164159,'NEWDEST','Haslemere',0),(164161,'CALLADD','Hilsea runs fast to Woking via Eastleigh',0),(164161,'RUNVIA','Eastleigh, fast to Woking, then as booked',1),(164162,'NEWORIGIN','Haslemere',0),(164164,'RUNVIA','Eastleigh, runs fast from Woking',0),(164164,'CALLADD','Hilsea, then as booked',1),(164165,'NEWDEST','Haslemere',0),(164167,'CALLADD','Hilsea runs fast to Woking via Eastleigh',0),(164167,'RUNVIA','Eastleigh, fast to Woking, then as booked',1),(164168,'NEWORIGIN','Haslemere',0),(164170,'CALLADD','Hilsea',0),(164171,'NEWDEST','Haslemere',0),(164173,'CALLADD','Hilsea runs fast to Woking via Eastleigh',0),(164173,'RUNVIA','Eastleigh, fast to Woking, then as booked',1),(164174,'NEWORIGIN','Haslemere',0),(164176,'CALLADD','Hilsea runs fast from Woking via Eastleigh',0),(164176,'RUNVIA','Eastleigh, fast from Woking, then as booked',1),(164177,'NEWDEST','Petersfield',0),(164179,'RUNVIA','Eastleigh, runs fast from Woking',0),(164179,'CALLADD','Hilsea, then as booked',1),(164180,'NEWORIGIN','Petersfield',0),(164182,'RUNVIA','Eastleigh, runs fast from Woking',0),(164182,'CALLADD','Hilsea, then as booked',1),(164183,'NEWDEST','Petersfield',0),(164185,'CALLADD','Hilsea',0),(164186,'NEWORIGIN','Petersfield',0),(164188,'CALLADD','Hilsea',0),(164189,'NEWDEST','Petersfield',0),(164191,'CALLADD','Hilsea runs fast to Woking via Eastleigh',0),(164191,'RUNVIA','Eastleigh, fast to Woking, then as booked',1),(164192,'NEWORIGIN','Petersfield',0),(164193,'NEWDEST','Havant',0),(164194,'NEWDEST','Havant',0),(164195,'NEWDEST','Havant',0),(164196,'NEWORIGIN','Havant',0),(164197,'NEWORIGIN','Havant',0),(164198,'NEWORIGIN','Havant',0),(164199,'NEWDEST','Havant',0),(164200,'NEWDEST','Havant',0),(164201,'NEWDEST','Fareham',0),(164202,'NEWDEST','Havant',0),(164203,'NEWORIGIN','Fareham',0),(164204,'NEWDEST','Havant (earlier @ XX:27 and wait time at Petersfield)',0),(164205,'NEWORIGIN','Havant',0),(164206,'NEWORIGIN','Havant',0),(164207,'NEWORIGIN','Fareham',0),(164208,'NEWDEST','Fareham',0),(164209,'NEWDEST','Fratton',0),(164210,'NEWDEST','Fratton',0),(164211,'NEWDEST','Fareham',0),(164212,'NEWDEST','Havant',0),(164213,'NEWORIGIN','Fratton',0),(164214,'NEWORIGIN','Fratton',0),(164215,'NEWORIGIN','Fratton',0),(164216,'NEWORIGIN','Fareham',0),(164217,'NEWORIGIN','Havant',0),(164218,'NEWDEST','Fratton',0),(164219,'NEWDEST','Portsmouth & Southsea (max 8 cars)',0),(164220,'NEWDEST','Fratton',0),(164221,'NEWDEST','Fareham',0),(164222,'NEWDEST','Havant',0),(164223,'NEWORIGIN','Fratton',0),(164224,'NEWORIGIN','Fratton',0),(164225,'NEWORIGIN','Portsmouth & Southsea',0),(164226,'NEWORIGIN','Fareham',0),(164227,'NEWORIGIN','Havant',0),(164228,'NEWDEST','Fratton',0),(164229,'RUNVIA','Guildford (from Woking, fast via Guildford (change ends) to Aldershot then as booked',0),(164230,'RUNVIA','Guildford (from Woking, fast via Guildford (change ends) to Aldershot then as booked',0),(164231,'RUNVIA','Guildford (from Aldershot, fast via Guildford (change ends) to Woking then as booked',0),(164232,'RUNVIA','Guildford (from Aldershot, fast via Guildford (change ends) to Woking then as booked',0),(164233,'RUNVIA','Guildford (from Woking, fast via Guildford (change ends) to Aldershot then as booked',0),(164234,'RUNVIA','Guildford (from Woking, fast via Guildford (change ends) to Aldershot then as booked',0),(164235,'RUNVIA','Guildford (from Aldershot, fast via Guildford (change ends) to Woking then as booked',0),(164236,'RUNVIA','Guildford (from Aldershot, fast via Guildford (change ends) to Woking then as booked',0),(164237,'RUNVIA','Guildford (from Woking, fast via Guildford (change ends) to Aldershot then as booked',0),(164238,'RUNVIA','Guildford (from Woking, fast via Guildford (change ends) to Aldershot then as booked',0),(164241,'RUNVIA','Guildford (from Aldershot, fast via Guildford (change ends) to Woking then as booked',0),(164242,'RUNVIA','Guildford (from Aldershot, fast via Guildford (change ends) to Woking then as booked',0),(164245,'RUNVIA','Guildford (from Woking, fast via Guildford (change ends) to Aldershot then as booked',0),(164246,'RUNVIA','Guildford (from Woking, fast via Guildford (change ends) to Aldershot then as booked',0),(164253,'RUNVIA','Guildford (from Aldershot, fast via Guildford (change ends) to Woking then as booked',0),(164254,'RUNVIA','Guildford (from Aldershot, fast via Guildford (change ends) to Woking then as booked',0),(164265,'NEWDEST','Aldershot',0),(164266,'NEWDEST','Aldershot',0),(164267,'NEWORIGIN','Aldershot',0),(164268,'NEWORIGIN','Aldershot',0),(164269,'NEWDEST','Farnham',0),(164270,'NEWDEST','Farnham',0),(164271,'NEWORIGIN','Farnham',0),(164272,'NEWORIGIN','Farnham',0),(164273,'NEWDEST','Farnham',0),(164274,'NEWDEST','Farnham',0),(164275,'NEWORIGIN','Farnham',0),(164276,'NEWORIGIN','Farnham',0),(164277,'RUNVIA','Southampton Central (fast from Basingstoke via Southampton Central to Salisbury and then as booked',0),(164278,'NEWDEST','Basingstoke (terminate and start back from Basingstoke)',0),(164279,'NEWORIGIN','Basingstoke',0),(164280,'RUNVIA','Southampton Central (fast from Salisbury via Southampton Central to Basingstoke then as booked)',0),(164281,'RUNVIA','Southampton Central (fast from Basingstoke via Southampton Central to Salisbury and then as booked',0),(164282,'NEWDEST','Basingstoke (terminate and start back from Basingstoke)',0),(164283,'NEWORIGIN','Basingstoke',0),(164284,'RUNVIA','Southampton Central (fast from Salisbury via Southampton Central to Basingstoke then as booked)',0),(164285,'NEWDEST','Basingstoke (terminate and start back from Basingstoke)',0),(164286,'NEWORIGIN','Basingstoke',0),(164287,'RUNVIA','Southampton Central (fast from Salisbury via Southampton Central to Basingstoke then as booked)',0),(164288,'RUNVIA','Southampton Central (fast from Basingstoke via Southampton Central to Salisbury and then as booked',0),(164289,'NEWDEST','Andover (terminate and start back from Andover)',0),(164290,'NEWORIGIN','Andover',0),(164291,'RUNVIA','Southampton Central (fast from Salisbury via Southampton Central to Basingstoke then as booked)',0),(164292,'RUNVIA','Southampton Central (fast from Basingstoke via Southampton Central to Salisbury and then as booked',0),(164293,'NEWDEST','Andover (terminate and start back from Andover)',0),(164294,'NEWORIGIN','Andover',0),(164295,'NEWDEST','Andover (terminate and start back from Andover)',0),(164296,'NEWORIGIN','Andover (terminate and start back from Andover)',0),(164297,'RUNVIA','Southampton Central (fast from Salisbury via Southampton Central to Basingstoke then as booked)',0),(164298,'CALLADD','St Denys',0),(164298,'RUNVIA','Eastleigh (Fast from Eastleigh via St Denys (change ends) to Fareham then as booked',1),(164299,'CALLADD','St Denys',0),(164299,'RUNVIA','Eastleigh (Fast from Fareham via St Denys (change ends) to Eastleigh then as booked',1),(164300,'CALLADD','St Denys',0),(164300,'RUNVIA','Eastleigh (Fast from Eastleigh via St Denys (change ends) to Fareham then as booked',1),(164301,'CALLADD','St Denys',0),(164301,'RUNVIA','Eastleigh (Fast from Fareham via St Denys (change ends) to Eastleigh then as booked',1),(164302,'NEWORIGIN','Eastleigh',0),(164303,'NEWDEST','Eastleigh via Test Valley',0),(164303,'NOTCALL','Chandlers Ford',1),(164306,'NEWDEST','Fareham',0),(164307,'NEWORIGIN','Fareham',0),(164310,'NEWDEST','Fareham',0),(164311,'NEWORIGIN','Fareham',0),(164314,'NEWORIGIN','Epsom',0),(164315,'NEWORIGIN','Epsom',0),(164316,'NEWDEST','Hampton Court (calling at New Malden, Berrylands, Surbiton, Thames Ditton and Hampton Court',0),(164317,'NEWDEST','Hampton Court (calling at New Malden, Berrylands, Surbiton, Thames Ditton and Hampton Court',0),(164322,'NEWORIGIN','Hampton Court (start at XX:07 calling at all stations to Raynes Park, then as booked)',0),(164323,'NEWORIGIN','Hampton Court (start at XX:07 calling at all stations to Raynes Park, then as booked)',0),(164324,'NEWDEST','Epsom',0),(164325,'NEWDEST','Epsom',0);
/*!40000 ALTER TABLE `ContingencyAlteration_alterations` ENABLE KEYS */;
UNLOCK TABLES;

--
-- Dumping data for table `ContingencyPlan`
--

LOCK TABLES `ContingencyPlan` WRITE;
/*!40000 ALTER TABLE `ContingencyPlan` DISABLE KEYS */;
INSERT INTO `ContingencyPlan` (`id`, `code`, `title`, `version`) VALUES (131072,'SRP01Y','SRP Yellow 1: Mainline 8tph',0),(131073,'SRP01R','SRP  Red 1: Mainline 12tph',0),(131074,'SRP01B','',0),(131075,'SRP02R','SRP Red 2: Main and Sub 14tph WAT and Raynes Pk',0),(131076,'SRP02Y','SRP Yellow 2D: Main and Sub 8tph WAT and Raynes Pk',0),(131077,'SRP03B','SRP Black:  Between Berrylands and Weybridge',0),(131078,'SRP04B','SRP Black:  Between Weybridge to Woking',0),(131079,'SRP05B','SRP Black:  Woking Jnt and Basingstoke (via Pirbright Jnt)',0),(131080,'SRP05A','SRP Black:  Woking Jnt and Basingstoke (via Pirbright Jnt)',0),(131081,'SRP06B','SRP Black:  Worting Jnc (Bstoke) and Micheldever',0),(131082,'SRP07A','SRP Black:  Micheldever and Winchester',0),(131083,'SRP07B','SRP Red:  Micheldever and Winchester (down line blocked)',0),(131084,'SRP07C','SRP Red:  Micheldever and Winchester (up line blocked)',0),(131085,'SRP08A','SRP Black:  Winchester and Eastleigh',0),(131086,'SRP08B','SRP Red:  Winchester and Eastleigh',0),(131087,'SRP08C','SRP Red:  Eastleigh and Winchester',0),(131088,'SRP09A','SRP Black: Eastleigh and St Denys',0),(131089,'SRP09B','SRP Red: Eastleigh and St Denys',0),(131090,'SRP09C','SRP Red: St Denys and Eastleigh',0),(131091,'SRP10A','SRP Black: Eastleigh and St Denys',0),(131092,'SRP10B','SRP Red:  Eastleigh and St Denys',0),(131093,'SRP10C','SRP Red: St Denys and Eastleigh',0),(131094,'SRP11','SRP Black: St Denys and Southampton Central',0),(131095,'SRP12','SRP Black: St Denys and Northam Junction',0),(131096,'SRP13','SRP Black: Southampton Central and Redbridge/Totton',0),(131097,'SRP14','SRP Black: Redbridge/Totton and Brockenhurst',0),(131098,'SRP15','SRP Black: Brockenhurst and Bournemouth',0),(131099,'SRP16','SRP Black: Bournemouth and Pool',0),(131100,'SRP17','SRP Black: Poole and Wareham',0),(131101,'SRP18','SRP Black: Warham and Dorchester South',0),(131102,'SRP19','SRP Black: Dorchester South and Weymouth',0),(131103,'SRP20A','SRP Black: Woking and Guildford',0),(131104,'SRP20B','SRP Red: Woking and Guildford',0),(131105,'SRP20C','SRP Red: Guildford and Woking',0),(131106,'SRP21A','SRP Black: Guildford and Haslemere',0),(131107,'SRP21B','SRP Red: Guildford and Haslemere',0),(131108,'SRP21C','SRP Red: Haslemere and Guildford',0),(131109,'SRP22A','SRP Black: Haslemere and Petersfield',0),(131110,'SRP22B','SRP Red: Haslemere and Petersfield',0),(131111,'SRP22C','SRP Red: Petersfield and Haslemere',0),(131112,'SRP23A','SRP Black: Petersfield and Havant',0),(131113,'SRP23B','SRP Red: Petersfield and Havant',0),(131114,'SRP23C','SRP Red: Havant and Petersfield',0),(131115,'SRP24','SRP Black: Havant and Portcreek Junction',0),(131116,'SRP25','SRP Black: Portcreek Junction and Fratton',0),(131117,'SRP26','SRP Black: Fratton and Portsmouth & Southsea',0),(131118,'SRP27','SRP Black: Portsmouth & Southsea and Portsmouth Hbr',0),(131119,'SRP28A','SRP Black: Pirbright Junction and Ash Vale',0),(131120,'SRP28B','SRP Red: Pirbright Junction and Ash Vale',0),(131121,'SRP28C','SRP Red: Ash Vale and Pirbright Junction',0),(131122,'SRP29A','SRP Black: Ash Vale and Aldershot North Junction',0),(131123,'SRP29B','SRP Red: Ash Vale and Aldershot North Junction',0),(131124,'SRP29C','SRP Red: Ash Vale and Aldershot North Junction',0),(131125,'SRP30','SRP Black: Aldershot (North) Junction and Aldershot',0),(131126,'SRP31','SRP Black: Aldershot and Farnham',0),(131127,'SRP32','SRP Black: Farnham and Bentley',0),(131128,'SRP33','SRP Black: Bentley and Alton',0),(131129,'SRP34A','SRP Black: Basingstoke and Andover',0),(131130,'SRP34B','SRP Red: Basingstoke and Andover',0),(131131,'SRP34C','SRP Red: Andover and Basingstoke',0),(131132,'SRP35A','SRP Black: Andover and Salisbury',0),(131133,'SRP35B','SRP Red: Andover and Salisbury',0),(131134,'SRP35C','SRP Red: Salisbury and Andover',0),(131135,'SRP36A','SRP Black: Eastleigh and Fareham',0),(131136,'SRP36B','SRP Red: Eastleigh and Fareham',0),(131137,'SRP36C','SRP Red: Fareham and Eastleigh',0),(131138,'SRP37','SRP Black: Eastleigh to Romsey (via Chandlers Ford)',0),(131139,'SRP38','SRP Black: St Denys and Bitterne',0),(131140,'SRP39','SRP Black: Fareham and Cosham',0),(131141,'SRP40','SRP Black: Cosham and Cosham Junction (including Portcreek and Farlington Junction)',0),(131142,'SRP41','SRP Black: Raynes Park and Motspur Park',0);
/*!40000 ALTER TABLE `ContingencyPlan` ENABLE KEYS */;
UNLOCK TABLES;

--
-- Dumping data for table `ContingencyPlan_ContingencyAlteration`
--

LOCK TABLES `ContingencyPlan_ContingencyAlteration` WRITE;
/*!40000 ALTER TABLE `ContingencyPlan_ContingencyAlteration` DISABLE KEYS */;
INSERT INTO `ContingencyPlan_ContingencyAlteration` (`ContingencyPlan_id`, `contingencyAlterations_id`, `position`) VALUES (131072,163840,0),(131072,163841,1),(131072,163842,2),(131072,163843,3),(131072,163844,4),(131072,163845,5),(131072,163846,6),(131073,163847,0),(131073,163848,1),(131073,163849,2),(131073,163850,3),(131073,163851,4),(131073,163852,5),(131073,163853,6),(131073,163854,7),(131073,163855,8),(131073,163856,9),(131073,163857,10),(131075,163858,0),(131075,163859,1),(131075,163860,2),(131075,163861,3),(131075,163862,4),(131075,163863,5),(131075,163864,6),(131075,163865,7),(131075,163866,8),(131075,163867,9),(131075,163868,10),(131075,163869,11),(131075,163870,12),(131075,163871,13),(131075,163872,14),(131076,163873,0),(131076,163874,1),(131076,163875,2),(131076,163876,3),(131076,163877,4),(131076,163878,5),(131076,163879,6),(131076,163880,7),(131076,163881,8),(131076,163882,9),(131077,163883,0),(131077,163884,1),(131077,163885,2),(131077,163886,3),(131077,163887,4),(131077,163888,5),(131077,163889,6),(131077,163890,7),(131077,163891,8),(131077,163892,9),(131077,163893,10),(131077,163894,11),(131077,163895,12),(131077,163896,13),(131077,163897,14),(131077,163898,15),(131077,163899,16),(131077,163900,17),(131077,163901,18),(131077,163902,19),(131077,163903,20),(131077,163904,21),(131078,163905,0),(131078,163906,1),(131078,163907,2),(131078,163908,3),(131078,163909,4),(131078,163910,5),(131078,163911,6),(131078,163912,7),(131078,163913,8),(131078,163914,9),(131078,163915,10),(131078,163916,11),(131078,163917,12),(131078,163918,13),(131078,163919,14),(131078,163920,15),(131078,163921,16),(131078,163922,17),(131078,163923,18),(131078,163924,19),(131078,163925,20),(131078,163926,21),(131078,163927,22),(131079,163928,0),(131079,163929,1),(131079,163930,2),(131079,163931,3),(131079,163932,4),(131079,163933,5),(131079,163934,6),(131079,163935,7),(131079,163936,8),(131079,163937,9),(131079,163938,10),(131079,163939,11),(131079,163940,12),(131079,163941,13),(131080,163942,0),(131080,163943,1),(131081,163944,0),(131081,163945,1),(131081,163946,2),(131081,163947,3),(131081,163948,4),(131081,163949,5),(131081,163950,6),(131081,163951,7),(131082,163952,0),(131082,163953,1),(131082,163954,2),(131082,163955,3),(131082,163956,4),(131082,163957,5),(131082,163958,6),(131082,163959,7),(131083,163960,0),(131083,163961,1),(131083,163962,2),(131083,163963,3),(131083,163964,4),(131083,163965,5),(131083,163966,6),(131083,163967,7),(131084,163968,0),(131084,163969,1),(131084,163970,2),(131084,163971,3),(131084,163972,4),(131084,163973,5),(131084,163974,6),(131084,163975,7),(131085,163976,0),(131085,163977,1),(131085,163978,2),(131085,163979,3),(131085,163980,4),(131085,163981,5),(131085,163982,6),(131085,163983,7),(131086,163984,0),(131086,163985,1),(131086,163986,2),(131086,163987,3),(131086,163988,4),(131086,163989,5),(131086,163990,6),(131086,163991,7),(131087,163992,0),(131087,163993,1),(131087,163994,2),(131087,163995,3),(131087,163996,4),(131087,163997,5),(131087,163998,6),(131087,163999,7),(131088,164000,0),(131088,164001,1),(131088,164002,2),(131088,164003,3),(131088,164004,4),(131088,164005,5),(131088,164006,6),(131088,164007,7),(131088,164008,8),(131088,164009,9),(131088,164010,10),(131089,164011,0),(131089,164012,1),(131089,164013,2),(131089,164014,3),(131089,164015,4),(131089,164016,5),(131089,164017,6),(131089,164018,7),(131089,164019,8),(131090,164020,0),(131090,164021,1),(131090,164022,2),(131090,164023,3),(131090,164024,4),(131090,164025,5),(131090,164026,6),(131090,164027,7),(131091,164028,0),(131091,164029,1),(131091,164030,2),(131091,164031,3),(131091,164032,4),(131091,164033,5),(131091,164034,6),(131091,164035,7),(131091,164036,8),(131091,164037,9),(131091,164038,10),(131092,164039,0),(131092,164040,1),(131092,164041,2),(131092,164042,3),(131092,164043,4),(131092,164044,5),(131092,164045,6),(131092,164046,7),(131092,164047,8),(131093,164048,0),(131093,164049,1),(131093,164050,2),(131093,164051,3),(131093,164052,4),(131093,164053,5),(131093,164054,6),(131094,164055,0),(131094,164056,1),(131094,164057,2),(131094,164058,3),(131094,164059,4),(131094,164060,5),(131094,164061,6),(131094,164062,7),(131094,164063,8),(131094,164064,9),(131095,164065,0),(131095,164066,1),(131095,164067,2),(131095,164068,3),(131095,164069,4),(131095,164070,5),(131095,164071,6),(131095,164072,7),(131095,164073,8),(131095,164074,9),(131096,164075,0),(131096,164076,1),(131096,164077,2),(131096,164078,3),(131096,164079,4),(131096,164080,5),(131096,164081,6),(131096,164082,7),(131097,164083,0),(131097,164084,1),(131097,164085,2),(131097,164086,3),(131097,164087,4),(131097,164088,5),(131097,164089,6),(131097,164090,7),(131098,164091,0),(131098,164092,1),(131098,164093,2),(131098,164094,3),(131098,164095,4),(131098,164096,5),(131099,164097,0),(131099,164098,1),(131099,164099,2),(131099,164100,3),(131099,164101,4),(131100,164102,0),(131100,164103,1),(131100,164104,2),(131100,164105,3),(131101,164106,0),(131101,164107,1),(131101,164108,2),(131101,164109,3),(131102,164110,0),(131102,164111,1),(131102,164112,2),(131102,164113,3),(131103,164114,0),(131103,164115,1),(131103,164116,2),(131103,164117,3),(131103,164118,4),(131103,164119,5),(131103,164120,6),(131103,164121,7),(131104,164122,0),(131104,164123,1),(131104,164124,2),(131104,164125,3),(131104,164126,4),(131104,164127,5),(131105,164128,0),(131105,164129,1),(131105,164130,2),(131105,164131,3),(131105,164132,4),(131105,164133,5),(131106,164134,0),(131106,164135,1),(131106,164136,2),(131106,164137,3),(131106,164138,4),(131106,164139,5),(131106,164140,6),(131106,164141,7),(131107,164142,0),(131107,164143,1),(131107,164144,2),(131107,164145,3),(131107,164146,4),(131107,164147,5),(131107,164148,6),(131108,164149,0),(131108,164150,1),(131108,164151,2),(131108,164152,3),(131108,164153,4),(131108,164154,5),(131108,164155,6),(131108,164156,7),(131109,164157,0),(131109,164158,1),(131109,164159,2),(131109,164160,3),(131109,164161,4),(131109,164162,5),(131110,164163,0),(131110,164164,1),(131110,164165,2),(131110,164166,3),(131110,164167,4),(131110,164168,5),(131111,164169,0),(131111,164170,1),(131111,164171,2),(131111,164172,3),(131111,164173,4),(131111,164174,5),(131112,164175,0),(131112,164176,1),(131112,164177,2),(131112,164178,3),(131112,164179,4),(131112,164180,5),(131113,164181,0),(131113,164182,1),(131113,164183,2),(131113,164184,3),(131113,164185,4),(131113,164186,5),(131114,164187,0),(131114,164188,1),(131114,164189,2),(131114,164190,3),(131114,164191,4),(131114,164192,5),(131115,164193,0),(131115,164194,1),(131115,164195,2),(131115,164196,3),(131115,164197,4),(131115,164198,5),(131116,164199,0),(131116,164200,1),(131116,164201,2),(131116,164202,3),(131116,164203,4),(131116,164204,5),(131116,164205,6),(131116,164206,7),(131116,164207,8),(131116,164208,9),(131117,164209,0),(131117,164210,1),(131117,164211,2),(131117,164212,3),(131117,164213,4),(131117,164214,5),(131117,164215,6),(131117,164216,7),(131117,164217,8),(131117,164218,9),(131118,164219,0),(131118,164220,1),(131118,164221,2),(131118,164222,3),(131118,164223,4),(131118,164224,5),(131118,164225,6),(131118,164226,7),(131118,164227,8),(131118,164228,9),(131119,164229,0),(131119,164230,1),(131119,164231,2),(131119,164232,3),(131120,164233,0),(131120,164234,1),(131121,164235,0),(131121,164236,1),(131122,164237,0),(131122,164238,1),(131122,164239,2),(131122,164240,3),(131122,164241,4),(131122,164242,5),(131122,164243,6),(131122,164244,7),(131123,164245,0),(131123,164246,1),(131123,164247,2),(131123,164248,3),(131123,164249,4),(131123,164250,5),(131124,164251,0),(131124,164252,1),(131124,164253,2),(131124,164254,3),(131124,164255,4),(131124,164256,5),(131125,164257,0),(131125,164258,1),(131125,164259,2),(131125,164260,3),(131125,164261,4),(131125,164262,5),(131125,164263,6),(131125,164264,7),(131126,164265,0),(131126,164266,1),(131126,164267,2),(131126,164268,3),(131127,164269,0),(131127,164270,1),(131127,164271,2),(131127,164272,3),(131128,164273,0),(131128,164274,1),(131128,164275,2),(131128,164276,3),(131129,164277,0),(131129,164278,1),(131129,164279,2),(131129,164280,3),(131130,164281,0),(131130,164282,1),(131130,164283,2),(131130,164284,3),(131131,164285,0),(131131,164286,1),(131131,164287,2),(131132,164288,0),(131132,164289,1),(131132,164290,2),(131132,164291,3),(131133,164292,0),(131133,164293,1),(131133,164294,2),(131134,164295,0),(131134,164296,1),(131134,164297,2),(131135,164298,0),(131135,164299,1),(131136,164300,0),(131137,164301,0),(131138,164302,0),(131138,164303,1),(131139,164304,0),(131139,164305,1),(131140,164306,0),(131140,164307,1),(131140,164308,2),(131140,164309,3),(131141,164310,0),(131141,164311,1),(131141,164312,2),(131141,164313,3),(131142,164314,0),(131142,164315,1),(131142,164316,2),(131142,164317,3),(131142,164318,4),(131142,164319,5),(131142,164320,6),(131142,164321,7),(131142,164322,8),(131142,164323,9),(131142,164324,10),(131142,164325,11);
/*!40000 ALTER TABLE `ContingencyPlan_ContingencyAlteration` ENABLE KEYS */;
UNLOCK TABLES;

--
-- Dumping data for table `GroupTypeEntity`
--

LOCK TABLES `GroupTypeEntity` WRITE;
/*!40000 ALTER TABLE `GroupTypeEntity` DISABLE KEYS */;
/*!40000 ALTER TABLE `GroupTypeEntity` ENABLE KEYS */;
UNLOCK TABLES;

--
-- Dumping data for table `IdentityTypeEntity`
--

LOCK TABLES `IdentityTypeEntity` WRITE;
/*!40000 ALTER TABLE `IdentityTypeEntity` DISABLE KEYS */;
INSERT INTO `IdentityTypeEntity` (`createdDate`, `enabled`, `expirationDate`, `typeName`, `id`, `partition_id`) VALUES ('2014-08-10 10:34:58',1,NULL,'org.picketlink.idm.model.basic.Role','25596527-55ee-4255-b5ea-639b1b0b5964','31721774-fc91-4bdc-b356-b9344554d7c0'),('2014-08-10 10:34:58',1,NULL,'org.picketlink.idm.model.basic.User','327180b5-bda8-42c3-ab1e-54e2ea707776','31721774-fc91-4bdc-b356-b9344554d7c0'),('2014-08-10 10:34:58',1,NULL,'org.picketlink.idm.model.basic.Role','4eb9ec18-6a7b-4b98-b3f0-6a7f69398f3d','31721774-fc91-4bdc-b356-b9344554d7c0'),('2014-08-10 10:34:59',1,NULL,'org.picketlink.idm.model.basic.User','9c2b25c4-3776-481f-b74d-08e0feccb767','31721774-fc91-4bdc-b356-b9344554d7c0'),('2014-08-10 10:34:58',1,NULL,'org.picketlink.idm.model.basic.User','a9336f5f-7139-4da0-aadb-dabd9c10233f','31721774-fc91-4bdc-b356-b9344554d7c0'),('2014-08-10 10:34:58',1,NULL,'org.picketlink.idm.model.basic.Role','d0ba0a04-3360-4c35-8881-229779c08cac','31721774-fc91-4bdc-b356-b9344554d7c0');
/*!40000 ALTER TABLE `IdentityTypeEntity` ENABLE KEYS */;
UNLOCK TABLES;

--
-- Dumping data for table `Incident`
--

LOCK TABLES `Incident` WRITE;
/*!40000 ALTER TABLE `Incident` DISABLE KEYS */;
INSERT INTO `Incident` (`id`, `created`, `description`, `lastPublished`, `nextReview`, `status`, `title`, `version`) VALUES (65536,'2014-02-25 10:12:30','A person has been struck by a train at Wimbledon','2014-02-25 10:20:30',NULL,'OPEN','Fatality at Wimbledon',0),(65537,'2014-02-22 10:02:30','Total Loss of Signalling at Clapham Jn','2014-02-22 19:04:30',NULL,'CLOSED','Signalling Problems',0),(65538,'2014-02-22 15:02:30','Broken Rail at Vauxhall','2014-02-22 18:34:27',NULL,'CLOSED','Broken Rail',0),(65539,'2014-02-01 15:02:30','Failed Train at Wimbledon','2014-02-01 18:34:27',NULL,'OPEN','Failed Train',0);
/*!40000 ALTER TABLE `Incident` ENABLE KEYS */;
UNLOCK TABLES;

--
-- Dumping data for table `Incident_AUD`
--

LOCK TABLES `Incident_AUD` WRITE;
/*!40000 ALTER TABLE `Incident_AUD` DISABLE KEYS */;
INSERT INTO `Incident_AUD` (`id`, `REV`, `REVTYPE`, `created`, `description`, `lastPublished`, `nextReview`, `status`, `title`) VALUES (65536,1,0,'2014-02-25 10:12:30','A person has been struck by a train at Wimbledon','2014-02-25 10:20:30',NULL,'OPEN','Fatality at Wimbledon'),(65537,1,0,'2014-02-22 10:02:30','Total Loss of Signalling at Clapham Jn','2014-02-22 19:04:30',NULL,'CLOSED','Signalling Problems'),(65538,1,0,'2014-02-22 15:02:30','Broken Rail at Vauxhall','2014-02-22 18:34:27',NULL,'CLOSED','Broken Rail'),(65539,1,0,'2014-02-01 15:02:30','Failed Train at Wimbledon','2014-02-01 18:34:27',NULL,'OPEN','Failed Train');
/*!40000 ALTER TABLE `Incident_AUD` ENABLE KEYS */;
UNLOCK TABLES;

--
-- Dumping data for table `Incident_ServiceGroupAlteration`
--

LOCK TABLES `Incident_ServiceGroupAlteration` WRITE;
/*!40000 ALTER TABLE `Incident_ServiceGroupAlteration` DISABLE KEYS */;
INSERT INTO `Incident_ServiceGroupAlteration` (`Incident_id`, `serviceGroupAlterations_id`) VALUES (65536,98304);
/*!40000 ALTER TABLE `Incident_ServiceGroupAlteration` ENABLE KEYS */;
UNLOCK TABLES;

--
-- Dumping data for table `Incident_ServiceGroupAlteration_AUD`
--

LOCK TABLES `Incident_ServiceGroupAlteration_AUD` WRITE;
/*!40000 ALTER TABLE `Incident_ServiceGroupAlteration_AUD` DISABLE KEYS */;
INSERT INTO `Incident_ServiceGroupAlteration_AUD` (`REV`, `Incident_id`, `serviceGroupAlterations_id`, `REVTYPE`) VALUES (1,65536,98304,0);
/*!40000 ALTER TABLE `Incident_ServiceGroupAlteration_AUD` ENABLE KEYS */;
UNLOCK TABLES;

--
-- Dumping data for table `PartitionTypeEntity`
--

LOCK TABLES `PartitionTypeEntity` WRITE;
/*!40000 ALTER TABLE `PartitionTypeEntity` DISABLE KEYS */;
INSERT INTO `PartitionTypeEntity` (`configurationName`, `name`, `typeName`, `id`) VALUES ('default','default','org.picketlink.idm.model.basic.Realm','31721774-fc91-4bdc-b356-b9344554d7c0');
/*!40000 ALTER TABLE `PartitionTypeEntity` ENABLE KEYS */;
UNLOCK TABLES;

--
-- Dumping data for table `PasswordCredentialTypeEntity`
--

LOCK TABLES `PasswordCredentialTypeEntity` WRITE;
/*!40000 ALTER TABLE `PasswordCredentialTypeEntity` DISABLE KEYS */;
INSERT INTO `PasswordCredentialTypeEntity` (`id`, `effectiveDate`, `expiryDate`, `typeName`, `passwordEncodedHash`, `passwordSalt`, `owner_id`) VALUES (1,'2014-08-10 10:34:58',NULL,'org.picketlink.idm.credential.storage.EncodedPasswordStorage','+rmwBHXQ51JqDewCCeHMA7OpM5oOfiOwDk8I7j9odcs9An67rKOakiAnOzloox6w9XhU+X3nBz+i\nLzPTeBJcVA==','-4196206974469018614','a9336f5f-7139-4da0-aadb-dabd9c10233f'),(4,'2014-08-10 10:34:58',NULL,'org.picketlink.idm.credential.storage.EncodedPasswordStorage','zdpiy81TmDGnmzXGpMi8kFmNbE6K8+/WTwHmUv5WzdoWmPwKVZa6v8OlemjPgctfF32Ga4By38vn\nS7Y8oAKn0Q==','3090715481687599261','327180b5-bda8-42c3-ab1e-54e2ea707776'),(7,'2014-08-10 10:34:59',NULL,'org.picketlink.idm.credential.storage.EncodedPasswordStorage','puJqGWIhJCxcUvmp9RuEBG9LipB+ExYuLke/J9RLsf34Tu5AkOURWmb6Ig2i8v0HlKF2dzY2OnYx\n57d1j9tv4g==','-7717992537443717823','9c2b25c4-3776-481f-b74d-08e0feccb767');
/*!40000 ALTER TABLE `PasswordCredentialTypeEntity` ENABLE KEYS */;
UNLOCK TABLES;

--
-- Dumping data for table `REVINFO`
--

LOCK TABLES `REVINFO` WRITE;
/*!40000 ALTER TABLE `REVINFO` DISABLE KEYS */;
INSERT INTO `REVINFO` (`REV`, `REVTSTMP`) VALUES (1,1407663304616);
/*!40000 ALTER TABLE `REVINFO` ENABLE KEYS */;
UNLOCK TABLES;

--
-- Dumping data for table `RelationshipIdentityTypeEntity`
--

LOCK TABLES `RelationshipIdentityTypeEntity` WRITE;
/*!40000 ALTER TABLE `RelationshipIdentityTypeEntity` DISABLE KEYS */;
INSERT INTO `RelationshipIdentityTypeEntity` (`identifier`, `descriptor`, `identityType_id`, `owner_id`) VALUES (2,'assignee','a9336f5f-7139-4da0-aadb-dabd9c10233f','d292e8ae-c79f-4fc5-b2f4-ef57251c2492'),(3,'role','25596527-55ee-4255-b5ea-639b1b0b5964','d292e8ae-c79f-4fc5-b2f4-ef57251c2492'),(5,'assignee','327180b5-bda8-42c3-ab1e-54e2ea707776','fe52969b-c9d2-4b82-b140-5a549dc46dfe'),(6,'role','4eb9ec18-6a7b-4b98-b3f0-6a7f69398f3d','fe52969b-c9d2-4b82-b140-5a549dc46dfe'),(8,'assignee','9c2b25c4-3776-481f-b74d-08e0feccb767','ec0eb509-d7a7-4136-a4ab-f5014246d572'),(9,'role','d0ba0a04-3360-4c35-8881-229779c08cac','ec0eb509-d7a7-4136-a4ab-f5014246d572');
/*!40000 ALTER TABLE `RelationshipIdentityTypeEntity` ENABLE KEYS */;
UNLOCK TABLES;

--
-- Dumping data for table `RelationshipTypeEntity`
--

LOCK TABLES `RelationshipTypeEntity` WRITE;
/*!40000 ALTER TABLE `RelationshipTypeEntity` DISABLE KEYS */;
INSERT INTO `RelationshipTypeEntity` (`typeName`, `id`) VALUES ('org.picketlink.idm.model.basic.Grant','d292e8ae-c79f-4fc5-b2f4-ef57251c2492'),('org.picketlink.idm.model.basic.Grant','ec0eb509-d7a7-4136-a4ab-f5014246d572'),('org.picketlink.idm.model.basic.Grant','fe52969b-c9d2-4b82-b140-5a549dc46dfe');
/*!40000 ALTER TABLE `RelationshipTypeEntity` ENABLE KEYS */;
UNLOCK TABLES;

--
-- Dumping data for table `RoleTypeEntity`
--

LOCK TABLES `RoleTypeEntity` WRITE;
/*!40000 ALTER TABLE `RoleTypeEntity` DISABLE KEYS */;
INSERT INTO `RoleTypeEntity` (`name`, `id`) VALUES ('edit','25596527-55ee-4255-b5ea-639b1b0b5964'),('admin','4eb9ec18-6a7b-4b98-b3f0-6a7f69398f3d'),('view','d0ba0a04-3360-4c35-8881-229779c08cac');
/*!40000 ALTER TABLE `RoleTypeEntity` ENABLE KEYS */;
UNLOCK TABLES;

--
-- Dumping data for table `ServiceGroup`
--

LOCK TABLES `ServiceGroup` WRITE;
/*!40000 ALTER TABLE `ServiceGroup` DISABLE KEYS */;
INSERT INTO `ServiceGroup` (`id`, `bothDescription`, `forwardDescription`, `headcode`, `orderingIndex`, `reverseDescription`, `uid`, `unidirectional`, `version`, `serviceGrouping_id`) VALUES (32768,'Waterloo to/from Alton','Waterloo to Alton','1A',10,'Alton to Waterloo','1A',0,0,2),(32769,'Waterloo to/from Farnham','Waterloo to Farnham ','2A',20,'Farnham to Waterloo','2A',0,0,2),(32770,'Waterloo to/from Southampton/Poole','Waterloo to Southampton/Poole','1B',30,'Southampton/Poole to Waterloo','1B',0,0,1),(32771,'Waterloo to/from Bournemouth/Poole','Waterloo to Bournemouth/Poole','2B',40,'Bournemouth/Poole to Waterloo','2B',0,0,1),(32772,'Waterloo to/from Reading via Richmond','Waterloo to Reading via Richmond','1C',50,'Reading to Waterloo via Richmond','1C',0,0,4),(32773,'Waterloo to/from Reading','Waterloo to Reading','2C',60,'Reading to Waterloo','2C',0,0,4),(32774,'Waterloo to/from Dorking','Waterloo to Dorking','1D',70,'Dorking to Waterloo','1D',0,0,2),(32775,'Waterloo to/from Guildford / Effingham Junction (peak) via Leatherhead','Waterloo to Guildford / Effingham Junction (peak) via Leatherhead','2D',80,'Guildford / Effingham Jn (peak) to Waterloo via Leatherhead','2D-G',0,0,2),(32776,'Waterloo to/from Epsom (peak)','Waterloo to Epsom (peak)','2D',90,'Epsom (peak) to Waterloo','2D-E',0,0,2),(32777,'Portsmouth to/from Southampton (stopping)','Portsmouth to Southampton (stopping)','2E',100,'Southampton to Portsmouth (stopping)','2E',0,0,1),(32778,'Waterloo to/from Woking/Guildford','Waterloo to Woking/Guildford','2F',110,'Woking/Guildford to Waterloo','2F',0,0,2),(32779,'Waterloo to/from Portsmouth Harbour via Cobham','Waterloo to Portsmouth Harbour via Cobham','1G',120,'Portsmouth Harbour to Waterloo via Cobham','1G',0,0,1),(32780,'Waterloo to/from Guildford (via Cobham)','Waterloo to Guildford (via Cobham)','2G',130,'Guilford to Waterloo via Cobham','2G',0,0,2),(32781,'Waterloo to/from Shepperton','Waterloo to Shepperton','2H',140,'Shepperton to Waterloo','2H',0,0,4),(32782,'Brockenhurst to/from Lymington Pier','Brockenhurst to Lymington Pier','1J',150,'Lymington Pier to Brockenhurst','1J',0,0,1),(32783,'Waterloo to/from Hampton Court','Waterloo to Hampton Court','2J',160,'Hampton Court to Waterloo','2J',0,0,2),(32784,'Waterloo to Waterloo M-TW via Kingston/Twickenham','','2K',170,'','2K',1,0,3),(32785,'Waterloo to/from West of England','Waterloo to West of England','1L',180,'West of England to Waterloo','1L',0,0,1),(32786,'Waterloo to/from Basingstoke (stopping)','Waterloo to Basingstoke (stopping)','2L',190,'Basingstoke to Waterloo (stopping)','2L',0,0,2),(32787,'Waterloo to/from Chessington South','Waterloo to Chessington South','2M',200,'Chessington South to Waterloo','2M',0,0,2),(32788,'Waterloo to/from Aldershot (via Ascot) (peak)','Waterloo to Aldershot (via Ascot) (peak)','1N',210,'Aldershot to Waterloo (via Ascot) (peak)','1N',0,0,4),(32789,'Guildford to/from Aldershot / Ascot','Guildford to Aldershot / Ascot','2N',220,'Aldershot/Ascot to Guildford','2N',0,0,4),(32790,'Bristol to Salisbury','','1O',230,'','1O',1,0,1),(32791,'Waterloo to Waterloo TW-M via Twickenham/Kingston','','2O',240,'','2O',1,0,3),(32792,'Waterloo to/from Portsmouth Direct (fast)','Waterloo to Portsmouth Direct (fast)','1P',250,'Portsmouth to Waterloo (fast)','1P',0,0,1),(32793,'Waterloo to/from Portsmouth Direct (semi-fast & stopping)','Waterloo to Portsmouth Direct (semi-fast & stopping)','2P',260,'Portsmouth to Waterloo (semi-fast & stopping)','2P',0,0,1),(32794,'Salisbury to Romsey SC-EH','','2R',270,'','2R-R',1,0,1),(32795,'Waterloo to Waterloo TW-B via Twickenham/Brentford','','2R',280,'','2R-W',1,0,4),(32796,'Waterloo to/from Weybridge (via Hounslow)','Waterloo to Weybridge (via Hounslow)','2S',290,'Weybridge to Waterloo via Hounslow / Staines','2S',0,0,4),(32797,'Salisbury to Romsey EH-SC','','2S',300,'','2S-R',1,0,1),(32798,'Waterloo to/from Portsmouth Harbour (via Eastleigh)','Waterloo to Portsmouth Harbour (via Eastleigh)','1T',310,'Portsmouth Harbour to Waterloo (via Eastleigh)','1T',0,0,1),(32799,'Basingstoke to/from Portsmouth Harbour (stopping)','Basingstoke to Portsmouth Harbour (stopping)','2T',320,'Portsmouth Harbour to Basingstoke (stopping)','2T',0,0,1),(32800,'Waterloo to/from Windsor','Waterloo to Windsor','2U',330,'Windsor to Waterloo','2U',0,0,4),(32801,'Salisbury to Bristol','','1V',340,'','1V',1,0,1),(32802,'Waterloo to Waterloo B-TW (via Brentford/Twickenham)','','2V',350,'','2V',1,0,3),(32803,'Waterloo to/from Weymouth','Waterloo to Weymouth','1W',360,'Weymouth to Waterloo','1W',0,0,1),(32804,'Eastleigh to/from Weymouth (local)','Eastleigh to Weymouth (local)','2W',370,'Weymouth to Eastleigh (local)','2W',0,0,1),(32805,'','Southern Brighton to Portsmouth','2N',380,'Southern Portsmouth to Brighton','2N-S',0,0,5),(32806,'','Southern Littlehampton to Portsmouth','2S',390,'Southern Portsmouth to Littlehampton','2S-S',0,0,5),(32807,'','Southern Victoria to Portsmouth','1C',400,'Southern Portsmouth to Victoria','1C-S',0,0,5),(32808,'','Southern Brighton to Southampton','1N',410,'Southern Southampton to Brighton','1N-S',0,0,5),(32809,'Southern Victoria to Southampton','','1J',420,'','1J-S',1,0,5),(32810,'Southern Southampton to Victoria','','1C',430,'','1C-S2',1,0,5),(32811,'','Southern Victoria to Horsham','2E',440,'Southern Horsham to Victoria','2E-S',0,0,5),(32812,'','Southern Victoria to Portsmouth','2C',450,'Southern Portsmouth to Victoria','2C-S',0,0,5),(32813,'','Southern Victoria to Southampton','2K',460,'Southern Southampton to Victoria','2K-S',0,0,5),(32814,'XC The North to/from Bournemouth','XC The North to Bournemouth','',470,'XC Bournemouth to The North','XC',0,0,5),(32815,'FGW Cardiff to/from Portsmouth','FGW Cardiff to Portsmouth','',480,'FGW Portsmouth to Cardiff','FGW-CP',0,0,5),(32816,'FGW Cardiff to/from Southampton & Brighton','FGW Cardiff to Southampton & Brighton','',490,'FGW Southampton & Brighton to Cardiff','FGW-CS',0,0,5),(32817,'FGW Reading to/from Gatwick','FGW Reading to Gatwick','',500,'FGW Gatwick to Reading','FGW-RG',0,0,5),(32818,'FGW Redhill/Shalford to/from Reading','FGW Redhill/Shalford to Reading','',510,'FGW Reading to Redhill/Shalford','FGW-RR',0,0,5),(32819,'FGW Westbury to/from Weymouth','FGW Westbury to Weymouth','',520,'FGW Weymouth to Westbury','FGW-WW',0,0,5),(32820,'FGW HST Paddington to/from Penzance','FGW HST Paddington to Penzance','',530,'FGW HST Penzance to Paddington','FGW-PP',0,0,5);
/*!40000 ALTER TABLE `ServiceGroup` ENABLE KEYS */;
UNLOCK TABLES;

--
-- Dumping data for table `ServiceGroupAlteration`
--

LOCK TABLES `ServiceGroupAlteration` WRITE;
/*!40000 ALTER TABLE `ServiceGroupAlteration` DISABLE KEYS */;
INSERT INTO `ServiceGroupAlteration` (`id`, `affect`, `delay`, `direction`, `effectiveFrom`, `freeform`, `position`, `uuid`, `version`, `incident_id`, `serviceGroup_id`) VALUES (98304,'ALTERED',NULL,'BOTH',NULL,NULL,0,'868ca448-c445-4974-8cef-ad034d39f4ac',0,65536,32768);
/*!40000 ALTER TABLE `ServiceGroupAlteration` ENABLE KEYS */;
UNLOCK TABLES;

--
-- Dumping data for table `ServiceGroupAlteration_AUD`
--

LOCK TABLES `ServiceGroupAlteration_AUD` WRITE;
/*!40000 ALTER TABLE `ServiceGroupAlteration_AUD` DISABLE KEYS */;
INSERT INTO `ServiceGroupAlteration_AUD` (`id`, `REV`, `REVTYPE`, `affect`, `delay`, `direction`, `effectiveFrom`, `freeform`, `position`, `uuid`, `incident_id`, `serviceGroup_id`) VALUES (98304,1,0,'ALTERED',NULL,'BOTH',NULL,NULL,0,'868ca448-c445-4974-8cef-ad034d39f4ac',65536,32768);
/*!40000 ALTER TABLE `ServiceGroupAlteration_AUD` ENABLE KEYS */;
UNLOCK TABLES;

--
-- Dumping data for table `ServiceGroupAlteration_alterations`
--

LOCK TABLES `ServiceGroupAlteration_alterations` WRITE;
/*!40000 ALTER TABLE `ServiceGroupAlteration_alterations` DISABLE KEYS */;
INSERT INTO `ServiceGroupAlteration_alterations` (`ServiceGroupAlteration_id`, `alterationType`, `location`, `position`) VALUES (98304,'NEWORIGIN','Woking',0),(98304,'RUNVIA','Cobham',1);
/*!40000 ALTER TABLE `ServiceGroupAlteration_alterations` ENABLE KEYS */;
UNLOCK TABLES;

--
-- Dumping data for table `ServiceGroupAlteration_alterations_AUD`
--

LOCK TABLES `ServiceGroupAlteration_alterations_AUD` WRITE;
/*!40000 ALTER TABLE `ServiceGroupAlteration_alterations_AUD` DISABLE KEYS */;
INSERT INTO `ServiceGroupAlteration_alterations_AUD` (`REV`, `REVTYPE`, `ServiceGroupAlteration_id`, `position`, `location`, `alterationType`) VALUES (1,0,98304,0,'Woking','NEWORIGIN'),(1,0,98304,1,'Cobham','RUNVIA');
/*!40000 ALTER TABLE `ServiceGroupAlteration_alterations_AUD` ENABLE KEYS */;
UNLOCK TABLES;

--
-- Dumping data for table `ServiceGroup_AUD`
--

LOCK TABLES `ServiceGroup_AUD` WRITE;
/*!40000 ALTER TABLE `ServiceGroup_AUD` DISABLE KEYS */;
INSERT INTO `ServiceGroup_AUD` (`id`, `REV`, `REVTYPE`, `bothDescription`, `forwardDescription`, `headcode`, `orderingIndex`, `reverseDescription`, `uid`, `unidirectional`, `serviceGrouping_id`) VALUES (32768,1,0,'Waterloo to/from Alton','Waterloo to Alton','1A',10,'Alton to Waterloo','1A',0,2),(32769,1,0,'Waterloo to/from Farnham','Waterloo to Farnham ','2A',20,'Farnham to Waterloo','2A',0,2),(32770,1,0,'Waterloo to/from Southampton/Poole','Waterloo to Southampton/Poole','1B',30,'Southampton/Poole to Waterloo','1B',0,1),(32771,1,0,'Waterloo to/from Bournemouth/Poole','Waterloo to Bournemouth/Poole','2B',40,'Bournemouth/Poole to Waterloo','2B',0,1),(32772,1,0,'Waterloo to/from Reading via Richmond','Waterloo to Reading via Richmond','1C',50,'Reading to Waterloo via Richmond','1C',0,4),(32773,1,0,'Waterloo to/from Reading','Waterloo to Reading','2C',60,'Reading to Waterloo','2C',0,4),(32774,1,0,'Waterloo to/from Dorking','Waterloo to Dorking','1D',70,'Dorking to Waterloo','1D',0,2),(32775,1,0,'Waterloo to/from Guildford / Effingham Junction (peak) via Leatherhead','Waterloo to Guildford / Effingham Junction (peak) via Leatherhead','2D',80,'Guildford / Effingham Jn (peak) to Waterloo via Leatherhead','2D-G',0,2),(32776,1,0,'Waterloo to/from Epsom (peak)','Waterloo to Epsom (peak)','2D',90,'Epsom (peak) to Waterloo','2D-E',0,2),(32777,1,0,'Portsmouth to/from Southampton (stopping)','Portsmouth to Southampton (stopping)','2E',100,'Southampton to Portsmouth (stopping)','2E',0,1),(32778,1,0,'Waterloo to/from Woking/Guildford','Waterloo to Woking/Guildford','2F',110,'Woking/Guildford to Waterloo','2F',0,2),(32779,1,0,'Waterloo to/from Portsmouth Harbour via Cobham','Waterloo to Portsmouth Harbour via Cobham','1G',120,'Portsmouth Harbour to Waterloo via Cobham','1G',0,1),(32780,1,0,'Waterloo to/from Guildford (via Cobham)','Waterloo to Guildford (via Cobham)','2G',130,'Guilford to Waterloo via Cobham','2G',0,2),(32781,1,0,'Waterloo to/from Shepperton','Waterloo to Shepperton','2H',140,'Shepperton to Waterloo','2H',0,4),(32782,1,0,'Brockenhurst to/from Lymington Pier','Brockenhurst to Lymington Pier','1J',150,'Lymington Pier to Brockenhurst','1J',0,1),(32783,1,0,'Waterloo to/from Hampton Court','Waterloo to Hampton Court','2J',160,'Hampton Court to Waterloo','2J',0,2),(32784,1,0,'Waterloo to Waterloo M-TW via Kingston/Twickenham','','2K',170,'','2K',1,3),(32785,1,0,'Waterloo to/from West of England','Waterloo to West of England','1L',180,'West of England to Waterloo','1L',0,1),(32786,1,0,'Waterloo to/from Basingstoke (stopping)','Waterloo to Basingstoke (stopping)','2L',190,'Basingstoke to Waterloo (stopping)','2L',0,2),(32787,1,0,'Waterloo to/from Chessington South','Waterloo to Chessington South','2M',200,'Chessington South to Waterloo','2M',0,2),(32788,1,0,'Waterloo to/from Aldershot (via Ascot) (peak)','Waterloo to Aldershot (via Ascot) (peak)','1N',210,'Aldershot to Waterloo (via Ascot) (peak)','1N',0,4),(32789,1,0,'Guildford to/from Aldershot / Ascot','Guildford to Aldershot / Ascot','2N',220,'Aldershot/Ascot to Guildford','2N',0,4),(32790,1,0,'Bristol to Salisbury','','1O',230,'','1O',1,1),(32791,1,0,'Waterloo to Waterloo TW-M via Twickenham/Kingston','','2O',240,'','2O',1,3),(32792,1,0,'Waterloo to/from Portsmouth Direct (fast)','Waterloo to Portsmouth Direct (fast)','1P',250,'Portsmouth to Waterloo (fast)','1P',0,1),(32793,1,0,'Waterloo to/from Portsmouth Direct (semi-fast & stopping)','Waterloo to Portsmouth Direct (semi-fast & stopping)','2P',260,'Portsmouth to Waterloo (semi-fast & stopping)','2P',0,1),(32794,1,0,'Salisbury to Romsey SC-EH','','2R',270,'','2R-R',1,1),(32795,1,0,'Waterloo to Waterloo TW-B via Twickenham/Brentford','','2R',280,'','2R-W',1,4),(32796,1,0,'Waterloo to/from Weybridge (via Hounslow)','Waterloo to Weybridge (via Hounslow)','2S',290,'Weybridge to Waterloo via Hounslow / Staines','2S',0,4),(32797,1,0,'Salisbury to Romsey EH-SC','','2S',300,'','2S-R',1,1),(32798,1,0,'Waterloo to/from Portsmouth Harbour (via Eastleigh)','Waterloo to Portsmouth Harbour (via Eastleigh)','1T',310,'Portsmouth Harbour to Waterloo (via Eastleigh)','1T',0,1),(32799,1,0,'Basingstoke to/from Portsmouth Harbour (stopping)','Basingstoke to Portsmouth Harbour (stopping)','2T',320,'Portsmouth Harbour to Basingstoke (stopping)','2T',0,1),(32800,1,0,'Waterloo to/from Windsor','Waterloo to Windsor','2U',330,'Windsor to Waterloo','2U',0,4),(32801,1,0,'Salisbury to Bristol','','1V',340,'','1V',1,1),(32802,1,0,'Waterloo to Waterloo B-TW (via Brentford/Twickenham)','','2V',350,'','2V',1,3),(32803,1,0,'Waterloo to/from Weymouth','Waterloo to Weymouth','1W',360,'Weymouth to Waterloo','1W',0,1),(32804,1,0,'Eastleigh to/from Weymouth (local)','Eastleigh to Weymouth (local)','2W',370,'Weymouth to Eastleigh (local)','2W',0,1),(32805,1,0,'','Southern Brighton to Portsmouth','2N',380,'Southern Portsmouth to Brighton','2N-S',0,5),(32806,1,0,'','Southern Littlehampton to Portsmouth','2S',390,'Southern Portsmouth to Littlehampton','2S-S',0,5),(32807,1,0,'','Southern Victoria to Portsmouth','1C',400,'Southern Portsmouth to Victoria','1C-S',0,5),(32808,1,0,'','Southern Brighton to Southampton','1N',410,'Southern Southampton to Brighton','1N-S',0,5),(32809,1,0,'Southern Victoria to Southampton','','1J',420,'','1J-S',1,5),(32810,1,0,'Southern Southampton to Victoria','','1C',430,'','1C-S2',1,5),(32811,1,0,'','Southern Victoria to Horsham','2E',440,'Southern Horsham to Victoria','2E-S',0,5),(32812,1,0,'','Southern Victoria to Portsmouth','2C',450,'Southern Portsmouth to Victoria','2C-S',0,5),(32813,1,0,'','Southern Victoria to Southampton','2K',460,'Southern Southampton to Victoria','2K-S',0,5),(32814,1,0,'XC The North to/from Bournemouth','XC The North to Bournemouth','',470,'XC Bournemouth to The North','XC',0,5),(32815,1,0,'FGW Cardiff to/from Portsmouth','FGW Cardiff to Portsmouth','',480,'FGW Portsmouth to Cardiff','FGW-CP',0,5),(32816,1,0,'FGW Cardiff to/from Southampton & Brighton','FGW Cardiff to Southampton & Brighton','',490,'FGW Southampton & Brighton to Cardiff','FGW-CS',0,5),(32817,1,0,'FGW Reading to/from Gatwick','FGW Reading to Gatwick','',500,'FGW Gatwick to Reading','FGW-RG',0,5),(32818,1,0,'FGW Redhill/Shalford to/from Reading','FGW Redhill/Shalford to Reading','',510,'FGW Reading to Redhill/Shalford','FGW-RR',0,5),(32819,1,0,'FGW Westbury to/from Weymouth','FGW Westbury to Weymouth','',520,'FGW Weymouth to Westbury','FGW-WW',0,5),(32820,1,0,'FGW HST Paddington to/from Penzance','FGW HST Paddington to Penzance','',530,'FGW HST Penzance to Paddington','FGW-PP',0,5);
/*!40000 ALTER TABLE `ServiceGroup_AUD` ENABLE KEYS */;
UNLOCK TABLES;

--
-- Dumping data for table `ServiceGrouping`
--

LOCK TABLES `ServiceGrouping` WRITE;
/*!40000 ALTER TABLE `ServiceGrouping` DISABLE KEYS */;
INSERT INTO `ServiceGrouping` (`id`, `name`, `priority`, `version`) VALUES (1,'Mainline',1,0),(2,'Suburban',2,0),(3,'Circular',3,0),(4,'Windsor',4,0),(5,'Other',5,0);
/*!40000 ALTER TABLE `ServiceGrouping` ENABLE KEYS */;
UNLOCK TABLES;

--
-- Dumping data for table `ServiceGrouping_AUD`
--

LOCK TABLES `ServiceGrouping_AUD` WRITE;
/*!40000 ALTER TABLE `ServiceGrouping_AUD` DISABLE KEYS */;
INSERT INTO `ServiceGrouping_AUD` (`id`, `REV`, `REVTYPE`, `name`, `priority`) VALUES (1,1,0,'Mainline',1),(2,1,0,'Suburban',2),(3,1,0,'Circular',3),(4,1,0,'Windsor',4),(5,1,0,'Other',5);
/*!40000 ALTER TABLE `ServiceGrouping_AUD` ENABLE KEYS */;
UNLOCK TABLES;

--
-- Dumping data for table `hibernate_sequence`
--

LOCK TABLES `hibernate_sequence` WRITE;
/*!40000 ALTER TABLE `hibernate_sequence` DISABLE KEYS */;
INSERT INTO `hibernate_sequence` (`next_val`) VALUES (10);
/*!40000 ALTER TABLE `hibernate_sequence` ENABLE KEYS */;
UNLOCK TABLES;

--
-- Dumping data for table `hibernate_unique_key`
--

LOCK TABLES `hibernate_unique_key` WRITE;
/*!40000 ALTER TABLE `hibernate_unique_key` DISABLE KEYS */;
INSERT INTO `hibernate_unique_key` (`next_hi`) VALUES (7);
/*!40000 ALTER TABLE `hibernate_unique_key` ENABLE KEYS */;
UNLOCK TABLES;
/*!40103 SET TIME_ZONE=@OLD_TIME_ZONE */;

/*!40101 SET SQL_MODE=@OLD_SQL_MODE */;
/*!40014 SET FOREIGN_KEY_CHECKS=@OLD_FOREIGN_KEY_CHECKS */;
/*!40014 SET UNIQUE_CHECKS=@OLD_UNIQUE_CHECKS */;
/*!40101 SET CHARACTER_SET_CLIENT=@OLD_CHARACTER_SET_CLIENT */;
/*!40101 SET CHARACTER_SET_RESULTS=@OLD_CHARACTER_SET_RESULTS */;
/*!40101 SET COLLATION_CONNECTION=@OLD_COLLATION_CONNECTION */;
/*!40111 SET SQL_NOTES=@OLD_SQL_NOTES */;

-- Dump completed on 2014-08-10 10:56:10
